Flight ID,On TIme Arrival,On - Time Departure,Delayed By,Turn Around Time,Origin,Destination,Company,Price,Duration,Departure Time
803,1,1,0,40,3,2,1,1828,110,1
821,1,1,0,43,3,2,1,1828,115,3
1697,1,1,0,40,3,2,1,1828,115,3
2293,1,1,0,43,3,2,1,1828,115,3
2304,1,1,0,41,3,2,1,1828,110,1
2417,1,1,0,46,3,2,1,1828,110,1
273,1,1,0,51,3,2,2,1830,130,3
612,1,1,0,60,3,2,2,1830,130,3
689,1,1,0,41,3,2,2,1830,105,2
742,1,1,0,45,3,2,2,1830,105,2
855,1,1,0,54,3,2,2,1830,130,3
975,1,1,0,46,3,2,2,1830,105,2
1211,1,1,0,47,3,2,1,1830,110,1
1289,1,1,0,48,3,2,2,1830,130,3
1359,0,1,129,48,3,2,1,1830,110,1
1445,1,1,0,43,3,2,3,1830,120,4
1472,1,1,0,58,3,2,2,1830,130,3
1475,1,1,0,38,3,2,2,1830,130,3
1589,1,1,0,35,3,2,3,1830,110,1
1754,1,1,0,39,3,2,3,1830,125,5
1810,1,1,0,40,3,2,1,1830,115,3
1832,1,1,0,37,3,2,3,1830,125,5
1865,1,1,0,35,3,2,3,1830,115,3
2023,1,1,0,36,3,2,3,1830,125,5
2041,1,1,0,41,3,2,3,1830,115,2
2084,0,1,30,38,3,2,2,1830,130,3
2155,1,1,0,43,3,2,2,1830,105,2
2167,1,1,0,52,3,2,2,1830,105,2
2214,1,1,0,37,3,2,3,1830,120,4
2215,1,1,0,40,3,2,3,1830,120,2
2226,1,1,0,33,3,2,3,1830,110,1
2248,1,1,0,42,3,2,3,1830,125,5
2430,1,1,0,43,3,2,3,1830,110,1
2463,1,1,0,38,3,2,3,1830,115,3
2478,1,1,0,42,3,2,3,1830,120,4
2493,1,1,0,35,3,2,3,1830,110,1
2494,1,1,0,43,3,2,3,1830,110,1
2507,1,1,0,35,3,2,3,1830,125,5
2533,1,1,0,43,3,2,3,1830,115,3
2553,1,1,0,42,3,2,3,1830,125,5
2663,1,1,0,35,3,2,3,1830,125,5
2700,1,1,0,37,3,2,3,1830,110,1
2806,1,1,0,37,3,2,3,1830,115,2
2807,1,1,0,34,3,2,3,1830,110,1
2848,1,1,0,41,3,2,3,1830,115,2
819,1,1,0,45,2,3,1,1888,125,4
846,1,1,0,46,2,3,1,1888,125,4
1150,1,1,0,38,2,3,1,1888,110,1
1223,0,0,48,46,2,3,1,1888,110,1
1237,1,1,0,45,2,3,1,1888,110,1
1257,1,1,0,48,2,3,1,1888,110,1
1338,1,1,0,48,2,3,1,1888,110,1
1347,1,1,0,38,2,3,1,1888,110,1
1533,1,1,0,44,2,3,1,1888,125,4
1716,1,1,0,38,2,3,1,1888,125,4
1796,1,1,0,47,2,3,1,1888,125,4
1958,1,1,0,39,2,3,1,1888,125,4
49,1,1,0,62,2,3,5,5,120,2
74,1,1,0,47,2,3,2,1890,120,1
93,1,1,0,39,2,3,2,1890,115,2
653,1,1,0,47,2,3,2,1890,120,1
820,1,1,0,50,2,3,2,1890,115,2
872,1,1,0,58,2,3,2,1890,120,1
957,1,1,0,50,2,3,2,1890,115,2
1165,1,1,0,48,2,3,2,1890,120,1
1169,1,1,0,57,2,3,2,1890,115,2
1206,1,1,0,48,2,3,1,1890,110,1
1295,1,1,0,58,2,3,2,1890,120,1
1397,1,1,0,43,2,3,3,1890,115,1
1417,1,1,0,37,2,3,3,1890,115,1
1532,1,1,0,35,2,3,3,1890,125,4
1714,1,1,0,41,2,3,1,1890,125,4
1753,1,1,0,42,2,3,3,1890,115,1
1847,1,1,0,33,2,3,3,1890,110,4
1848,1,1,0,39,2,3,3,1890,120,2
1914,1,1,0,39,2,3,1,1890,110,1
1942,1,1,0,36,2,3,3,1890,115,3
1987,1,1,0,38,2,3,3,1890,110,3
2040,1,1,0,37,2,3,3,1890,125,4
2154,1,1,0,36,2,3,3,1890,115,1
2280,0,0,20,59,2,3,2,1890,115,2
2362,1,1,0,40,2,3,3,1890,120,2
2419,1,1,0,38,2,3,3,1890,110,3
2541,1,1,0,42,2,3,3,1890,120,2
2607,1,1,0,33,2,3,3,1890,115,1
2635,1,1,0,39,2,3,3,1890,115,1
2642,1,1,0,36,2,3,3,1890,115,3
2677,1,1,0,37,2,3,3,1890,115,3
2692,1,1,0,39,2,3,3,1890,110,4
2701,1,1,0,34,2,3,3,1890,125,4
2709,1,1,0,35,2,3,3,1890,115,1
2715,1,1,0,33,2,3,3,1890,120,2
2749,1,1,0,37,2,3,3,1890,110,4
2774,1,1,0,36,2,3,3,1890,125,4
2820,0,1,16,38,2,3,3,1890,115,1
2847,1,1,0,41,2,3,3,1890,110,3
2858,1,1,0,43,2,3,3,1890,125,4
119,1,1,0,47,3,2,4,1916,115,2
139,1,1,0,50,3,2,4,1916,115,2
140,1,1,0,59,3,2,4,1916,115,2
187,1,1,0,54,3,2,4,1916,125,4
297,1,1,0,58,3,2,4,1916,120,3
314,1,1,0,56,3,2,4,1916,125,4
350,1,1,0,51,3,2,4,1916,120,2
566,1,1,0,47,3,2,4,1916,120,3
616,1,1,0,50,3,2,4,1916,125,4
631,1,1,0,49,3,2,4,1916,115,2
638,1,1,0,48,3,2,4,1916,115,2
654,1,1,0,46,3,2,4,1916,120,3
659,1,1,0,39,3,2,4,1916,120,3
695,1,1,0,45,3,2,4,1916,115,2
719,1,1,0,58,3,2,4,1916,120,3
934,1,1,0,58,3,2,4,1916,120,3
991,1,1,0,38,3,2,4,1916,120,3
1082,0,1,67,42,3,2,4,1916,125,4
1197,1,1,0,47,3,2,4,1916,120,2
1224,1,1,0,48,3,2,4,1916,120,2
1267,1,1,0,53,3,2,4,1916,120,2
1284,1,1,0,38,3,2,4,1916,125,4
1418,1,1,0,55,3,2,4,1916,125,4
1662,1,1,0,48,3,2,4,1916,120,3
1778,1,1,0,45,3,2,4,1916,125,4
1915,1,1,0,44,3,2,4,1916,120,2
2067,1,1,0,45,3,2,4,1916,120,2
2259,1,1,0,52,3,2,4,1916,115,2
2275,1,1,0,41,3,2,4,1916,115,2
2305,1,1,0,59,3,2,4,1916,120,2
1374,1,1,0,38,3,2,3,1939,115,3
1531,1,1,0,36,3,2,3,1939,115,3
1546,1,1,0,43,3,2,3,1939,115,2
1856,1,1,0,33,3,2,3,1939,120,2
1941,1,1,0,36,3,2,3,1939,120,2
2191,1,1,0,36,3,2,3,1939,115,2
2204,1,1,0,40,3,2,3,1939,115,2
2363,1,1,0,37,3,2,3,1939,120,2
2394,1,1,0,35,3,2,3,1939,120,4
2418,0,0,50,41,3,2,3,1939,115,3
2448,1,1,0,37,3,2,3,1939,120,4
2508,1,1,0,35,3,2,3,1939,115,3
2523,1,1,0,33,3,2,3,1939,115,3
2586,1,1,0,43,3,2,3,1939,115,3
2595,1,1,0,40,3,2,3,1939,115,2
2608,1,1,0,42,3,2,3,1939,120,2
2634,1,1,0,40,3,2,3,1939,115,3
2643,1,1,0,40,3,2,3,1939,115,3
2710,1,1,0,43,3,2,3,1939,120,4
122,1,1,0,60,2,3,4,1976,125,2
197,1,1,0,46,2,3,4,1976,125,2
207,1,1,0,45,2,3,4,1976,125,3
210,1,1,0,42,2,3,4,1976,125,4
233,1,1,0,39,2,3,4,1976,125,4
259,1,1,0,53,2,3,4,1976,125,4
272,1,1,0,56,2,3,4,1976,125,3
313,1,1,0,55,2,3,4,1976,125,3
323,1,1,0,57,2,3,4,1976,125,2
553,1,1,0,59,2,3,4,1976,125,2
642,1,1,0,60,2,3,4,1976,125,4
729,1,1,0,58,2,3,4,1976,125,2
747,1,1,0,49,2,3,4,1976,125,2
759,1,1,0,54,2,3,4,1976,125,3
1091,1,1,0,40,2,3,4,1976,125,2
1159,1,1,0,59,2,3,4,1976,125,2
1160,1,1,0,54,2,3,4,1976,125,2
1643,0,0,24,38,2,3,4,1976,125,3
1663,1,1,0,42,2,3,4,1976,125,2
1681,1,1,0,57,2,3,4,1976,125,2
1871,1,1,0,47,2,3,4,1976,125,2
1925,1,1,0,59,2,3,4,1976,125,4
2205,0,0,19,59,2,3,4,1976,125,3
2249,1,1,0,47,2,3,4,1976,125,4
2255,1,1,0,39,2,3,4,1976,125,2
2273,1,1,0,40,2,3,4,1976,125,4
1381,1,1,0,41,2,3,3,2006,120,2
1426,1,1,0,43,2,3,3,2006,120,2
1574,1,1,0,35,2,3,3,2006,120,2
1612,1,1,0,40,2,3,3,2006,110,3
1779,1,1,0,41,2,3,3,2006,110,4
2232,1,1,0,35,2,3,3,2006,115,3
2515,1,1,0,37,2,3,3,2006,120,2
2532,1,1,0,40,2,3,3,2006,110,4
2560,1,1,0,38,2,3,3,2006,115,3
2574,1,1,0,37,2,3,3,2006,125,4
2805,1,1,0,41,2,3,3,2006,110,3
2838,1,1,0,40,2,3,3,2006,120,2
158,0,0,51,38,2,1,6,2010,115,4
231,1,1,0,42,2,1,6,2010,115,4
701,1,1,0,48,2,1,6,2010,115,4
711,1,1,0,45,2,1,6,2010,115,4
1696,1,1,0,39,3,2,1,2029,115,3
2114,1,1,0,40,3,2,1,2029,115,3
1010,1,1,0,42,3,2,1,2031,115,3
440,0,1,16,57,1,2,6,2085,100,1
452,1,1,0,51,1,2,6,2085,110,5
480,1,1,0,41,1,2,6,2085,100,1
523,1,1,0,55,1,2,6,2085,100,1
752,1,1,0,59,1,2,6,2085,110,5
867,1,1,0,41,1,2,6,2085,110,5
913,1,1,0,60,1,2,6,2085,110,5
1043,1,1,0,54,1,2,6,2085,110,5
1200,0,0,61,40,1,2,6,2085,100,1
1554,1,1,0,58,1,2,6,2085,110,5
1995,1,1,0,51,1,2,6,2085,100,1
2009,1,1,0,38,1,2,6,2085,110,5
182,1,1,0,42,3,2,5,2100,120,4
266,1,1,0,45,3,2,1,2100,115,2
276,1,1,0,68,3,2,1,2100,115,2
296,0,0,43,74,3,2,1,2100,115,2
366,1,1,0,38,3,2,1,2100,120,4
383,1,1,0,50,3,2,1,2100,120,4
446,1,1,0,68,3,2,1,2100,120,4
473,1,1,0,52,3,2,2,2100,120,4
481,1,1,0,69,3,2,2,2100,120,4
1052,1,1,0,67,3,2,2,2100,120,4
1258,1,1,0,88,3,2,2,2100,120,4
1320,1,1,0,82,3,2,2,2100,115,2
2092,1,1,0,63,3,2,2,2100,115,2
1389,1,1,0,34,2,5,,2108,80,2
1431,1,1,0,42,2,5,,2108,80,3
1432,1,1,0,39,2,5,,2108,80,3
1528,1,1,0,34,2,5,,2108,80,3
1542,1,1,0,34,2,5,,2108,80,4
1569,1,1,0,41,2,5,,2108,85,3
1585,1,1,0,40,2,5,,2108,80,2
1618,1,1,0,42,2,5,,2108,80,4
1628,1,1,0,35,2,5,,2108,80,3
1772,1,1,0,33,2,5,,2108,80,2
1773,1,1,0,37,2,5,,2108,80,3
1807,1,1,0,33,2,5,,2108,80,4
1822,1,1,0,43,2,5,,2108,85,3
1830,1,1,0,38,2,5,,2108,80,4
1853,1,1,0,35,2,5,,2108,90,4
1862,1,1,0,40,2,5,,2108,80,2
1954,1,1,0,39,2,5,,2108,80,2
1969,1,1,0,37,2,5,,2108,80,2
1984,1,1,0,34,2,5,,2108,90,4
1996,1,1,0,42,2,5,,2108,80,2
2021,1,1,0,40,2,5,,2108,80,2
2030,1,1,0,40,2,5,,2108,85,3
2176,1,1,0,43,2,5,,2108,80,3
2210,1,1,0,39,2,5,,2108,85,3
2229,1,1,0,40,2,5,,2108,80,3
2238,1,1,0,38,2,5,,2108,80,2
2244,1,1,0,38,2,5,,2108,80,3
2408,1,1,0,41,2,5,,2108,80,2
2459,1,1,0,40,2,5,,2108,90,4
2460,1,1,0,37,2,5,,2108,80,2
2469,1,1,0,34,2,5,,2108,85,3
2484,1,1,0,36,2,5,,2108,80,3
2491,1,1,0,38,2,5,,2108,80,2
2566,1,1,0,35,2,5,,2108,80,4
2581,1,1,0,34,2,5,,2108,80,3
2600,1,1,0,43,2,5,,2108,100,2
2617,1,1,0,41,2,5,,2108,85,3
2625,1,1,0,34,2,5,,2108,85,3
2626,1,1,0,33,2,5,,2108,80,2
2627,1,1,0,34,2,5,,2108,80,4
2675,1,1,0,42,2,5,,2108,80,2
2697,1,1,0,34,2,5,,2108,90,4
2721,1,1,0,39,2,5,,2108,90,4
2731,1,1,0,43,2,5,,2108,100,2
2781,1,1,0,43,2,5,,2108,90,4
2826,1,1,0,36,2,5,,2108,80,3
2827,1,1,0,37,2,5,,2108,90,4
2862,1,1,0,36,2,5,,2108,80,3
2882,1,1,0,33,2,5,,2108,80,4
2883,1,1,0,43,2,5,,2108,80,3
2884,1,1,0,35,2,5,,2108,100,2
2893,1,1,0,39,2,5,,2108,80,3
345,1,1,0,42,2,5,,2111,80,4
652,1,1,0,48,2,5,,2111,80,4
665,1,1,0,60,2,5,,2111,80,4
868,1,1,0,49,2,5,,2111,80,4
1640,1,1,0,57,2,5,,2111,80,4
1922,1,1,0,47,2,5,,2111,80,4
808,1,1,0,41,2,1,,2122,105,4
893,1,1,0,38,2,1,,2122,100,3
1407,1,1,0,40,2,1,,2122,95,3
1806,1,1,0,38,2,1,,2122,95,2
1895,1,1,0,39,2,1,,2122,100,3
2341,1,1,0,38,2,1,,2122,95,3
2356,1,1,0,45,2,1,,2122,100,4
192,1,1,0,43,2,1,3,2124,100,3
247,1,1,0,60,2,1,3,2124,100,3
360,0,0,81,48,2,1,3,2124,100,3
444,1,1,0,39,2,1,2,2124,100,3
501,1,1,0,44,2,1,3,2124,100,3
556,1,1,0,51,2,1,3,2124,100,3
564,1,1,0,41,2,1,3,2124,100,3
790,1,1,0,47,2,1,,2124,105,4
797,1,1,0,43,2,1,,2124,100,3
798,1,1,0,40,2,1,,2124,95,2
809,1,1,0,42,2,1,,2124,100,3
837,1,1,0,39,2,1,,2124,100,3
851,1,1,0,45,2,1,,2124,95,2
916,1,1,0,41,2,1,,2124,105,4
923,1,1,0,39,2,1,,2124,100,3
967,1,1,0,46,2,1,3,2124,100,3
1016,1,1,0,38,2,1,,2124,95,2
1121,1,1,0,45,2,1,,2124,100,4
1149,1,1,0,47,2,1,,2124,105,4
1156,1,1,0,45,2,1,,2124,95,3
1196,1,1,0,40,2,1,,2124,95,3
1220,1,1,0,47,2,1,,2124,95,3
1245,1,1,0,46,2,1,,2124,95,2
1305,1,1,0,47,2,1,,2124,105,5
1306,1,1,0,44,2,1,,2124,95,2
1313,1,1,0,41,2,1,,2124,95,2
1511,1,1,0,38,2,1,,2124,105,5
1608,1,1,0,36,2,1,,2124,105,3
1632,1,1,0,40,2,1,,2124,100,2
1724,1,1,0,37,2,1,,2124,100,2
1726,1,1,0,43,2,1,,2124,105,4
1727,1,1,0,40,2,1,,2124,105,3
1767,1,1,0,44,2,1,,2124,100,3
1803,1,1,0,36,2,1,,2124,105,4
1819,1,1,0,45,2,1,,2124,95,3
1835,1,1,0,39,2,1,,2124,95,2
1859,1,1,0,34,2,1,,2124,95,2
1894,1,1,0,47,2,1,,2124,100,3
1909,1,1,0,46,2,1,,2124,95,3
1951,1,1,0,39,2,1,,2124,95,3
2010,1,1,0,42,2,1,,2124,95,2
2027,1,1,0,39,2,1,,2124,110,2
2045,1,1,0,36,2,1,,2124,95,2
2046,1,1,0,37,2,1,,2124,110,2
2138,1,1,0,44,2,1,,2124,100,4
2149,1,1,0,40,2,1,,2124,95,2
2184,1,1,0,34,2,1,,2124,105,4
2209,0,0,30,42,2,1,,2124,110,2
2299,1,1,0,47,2,1,,2124,105,5
2370,1,1,0,41,2,1,,2124,105,4
2392,1,1,0,48,2,1,,2124,100,4
2425,1,1,0,39,2,1,,2124,105,3
2451,1,1,0,41,2,1,,2124,100,2
2468,1,1,0,34,2,1,,2124,105,4
2475,1,1,0,38,2,1,,2124,105,4
2476,1,1,0,39,2,1,,2124,95,2
2482,1,1,0,35,2,1,,2124,105,3
2518,1,1,0,35,2,1,,2124,95,2
2577,1,1,0,37,2,1,,2124,95,2
2603,1,1,0,41,2,1,,2124,105,3
2623,1,1,0,37,2,1,,2124,95,2
2624,1,1,0,36,2,1,,2124,110,2
2632,1,1,0,38,2,1,,2124,95,2
2640,1,1,0,34,2,1,,2124,110,2
2672,1,1,0,36,2,1,,2124,110,2
2713,1,1,0,43,2,1,,2124,105,4
2718,1,1,0,40,2,1,,2124,110,2
2727,1,1,0,34,2,1,,2124,105,3
2789,1,1,0,37,2,1,,2124,105,3
2872,1,1,0,36,2,1,,2124,110,2
2881,1,1,0,36,2,1,,2124,100,2
2890,1,1,0,35,2,1,,2124,105,3
109,1,1,0,51,2,1,,2132,100,2
245,1,1,0,49,2,1,,2132,100,2
287,1,1,0,56,2,1,,2132,105,3
344,1,1,0,45,2,1,,2132,105,3
705,1,1,0,56,2,1,,2132,100,2
736,1,1,0,48,2,1,,2132,100,2
971,1,1,0,58,2,1,,2132,100,2
1655,1,1,0,56,2,1,,2132,100,2
1670,0,0,53,48,2,1,,2132,100,2
2063,1,1,0,42,2,1,,2132,105,3
2175,1,1,0,41,2,1,,2132,105,3
2268,1,1,0,54,2,1,,2132,105,3
1866,0,1,39,39,3,2,,2152,115,3
2395,1,1,0,34,3,2,,2152,115,2
2477,1,1,0,39,3,2,,2152,115,3
2748,1,1,0,42,3,2,,2152,120,2
2857,1,1,0,37,3,2,,2152,125,5
636,1,1,0,60,2,3,,2153,115,2
149,1,1,0,58,4,2,4,2155,130,1
506,1,1,0,41,4,2,4,2155,130,1
518,1,1,0,54,4,2,4,2155,135,4
1366,0,0,76,42,4,2,4,2155,135,4
1367,1,1,0,38,4,2,4,2155,130,1
1488,1,1,0,49,4,2,3,2155,130,1
1647,1,1,0,49,4,2,3,2155,130,1
2081,1,1,0,54,4,2,3,2155,130,1
1365,1,1,0,36,4,2,,2170,140,2
1523,1,1,0,33,4,2,,2170,140,2
1577,1,1,0,42,4,2,,2170,130,2
1606,1,1,0,41,4,2,,2170,140,2
1615,1,1,0,39,4,2,,2170,130,2
1617,1,1,0,34,4,2,,2170,140,2
1762,1,1,0,33,4,2,,2170,150,2
1783,1,1,0,35,4,2,,2170,130,5
1815,1,1,0,38,4,2,,2170,130,5
1816,1,1,0,36,4,2,,2170,130,5
1840,1,1,0,33,4,2,,2170,130,2
1851,1,1,0,33,4,2,,2170,140,2
1947,1,1,0,37,4,2,,2170,140,2
2006,1,1,0,33,4,2,,2170,130,2
2052,1,1,0,41,4,2,,2170,140,2
2221,1,1,0,36,4,2,,2170,150,2
2222,1,1,0,34,4,2,,2170,150,2
2242,1,1,0,37,4,2,,2170,130,2
2421,0,0,76,43,4,2,,2170,150,2
2450,1,1,0,41,4,2,,2170,140,2
2528,1,1,0,38,4,2,,2170,130,2
2568,1,1,0,35,4,2,,2170,130,5
2669,1,1,0,33,4,2,,2170,140,2
2717,1,1,0,42,4,2,,2170,130,2
2725,1,1,0,42,4,2,,2170,130,2
2729,1,1,0,34,4,2,,2170,130,5
2761,1,1,0,38,4,2,,2170,150,2
2762,1,1,0,37,4,2,,2170,130,2
2788,1,1,0,40,4,2,,2170,130,5
2796,1,1,0,35,4,2,,2170,130,5
2841,0,0,95,38,4,2,,2170,130,2
2850,1,1,0,36,4,2,,2170,130,2
2851,1,1,0,39,4,2,,2170,140,2
66,1,1,0,53,2,3,5,2194,110,4
84,1,1,0,63,2,3,5,2194,110,4
346,0,0,71,53,2,3,5,2194,120,2
347,1,1,0,70,2,3,5,2194,110,4
378,1,1,0,43,2,3,5,2194,110,4
464,1,1,0,65,2,3,5,2194,120,2
502,1,1,0,83,2,3,5,2194,120,2
570,1,1,0,71,2,3,5,2194,110,4
673,1,1,0,51,2,3,3,2194,120,2
720,1,1,0,66,2,3,3,2194,120,2
802,1,1,0,72,2,3,3,2194,110,4
1559,1,1,0,42,2,3,3,2194,110,4
1777,1,1,0,43,2,3,3,2194,120,2
2104,1,1,0,87,2,3,3,2194,120,2
2257,1,1,0,76,2,3,3,2194,110,4
781,1,1,0,42,1,2,,2199,95,1
814,1,1,0,42,1,2,,2199,110,4
844,1,1,0,42,1,2,,2199,115,5
905,1,1,0,44,1,2,,2199,95,1
928,1,1,0,48,1,2,,2199,115,5
988,1,1,0,47,1,2,,2199,100,2
1008,1,1,0,40,1,2,,2199,110,4
1096,1,1,0,40,1,2,,2199,100,2
1122,1,1,0,42,1,2,,2199,115,5
1139,1,1,0,42,1,2,,2199,100,4
1219,1,1,0,38,1,2,,2199,110,4
1234,1,1,0,39,1,2,,2199,100,2
1343,1,1,0,43,1,2,,2199,100,4
1491,1,1,0,45,1,2,,2199,100,4
1510,1,1,0,40,1,2,,2199,100,4
1515,1,1,0,41,1,2,,2199,115,5
1553,1,1,0,43,1,2,,2199,100,2
1766,1,1,0,38,1,2,,2199,115,5
1805,1,1,0,38,1,2,,2199,100,2
1906,1,1,0,42,1,2,,2199,110,4
1934,1,1,0,44,1,2,,2199,95,1
1953,1,1,0,40,1,2,,2199,95,1
2137,1,1,0,44,1,2,,2199,100,4
2163,1,1,0,39,1,2,,2199,110,4
2290,1,1,0,42,1,2,,2199,100,2
2358,1,1,0,41,1,2,,2199,100,2
2405,1,1,0,40,1,2,,2199,100,2
21,1,1,0,44,1,2,3,2201,105,4
41,1,1,0,45,2,5,,2201,90,2
85,1,1,0,52,2,5,,2201,95,4
92,1,1,0,49,2,5,,2201,90,2
157,1,1,0,56,1,2,3,2201,105,4
180,0,0,25,60,2,5,,2201,90,2
217,1,1,0,45,2,5,,2201,90,2
257,0,0,69,52,2,5,,2201,90,2
384,1,1,0,51,1,2,3,2201,105,4
494,1,1,0,49,1,2,3,2201,105,4
529,1,1,0,59,2,5,,2201,95,4
550,1,1,0,54,2,5,,2201,90,2
597,1,1,0,58,2,5,,2201,90,2
605,1,1,0,56,2,5,,2201,95,4
649,1,1,0,60,2,5,,2201,90,2
656,1,1,0,50,2,5,,2201,90,2
664,0,0,21,59,1,2,3,2201,105,4
722,1,1,0,50,2,5,,2201,95,4
755,1,1,0,58,2,5,,2201,95,4
783,1,1,0,53,2,5,,2201,90,2
799,1,1,0,55,2,5,,2201,95,4
827,1,1,0,39,2,5,,2201,90,2
836,1,1,0,47,1,2,2,2201,105,4
901,1,1,0,41,1,2,,2201,100,4
918,1,1,0,43,2,5,,2201,90,2
1017,1,1,0,42,1,2,,2201,100,2
1051,1,1,0,50,2,5,,2201,95,4
1073,1,1,0,59,1,2,1,2201,105,4
1106,1,1,0,38,1,2,,2201,100,4
1134,1,1,0,44,1,2,,2201,115,5
1341,1,1,0,42,1,2,,2201,110,4
1352,1,1,0,37,1,2,,2201,110,4
1405,1,1,0,39,1,2,,2201,95,1
1406,1,1,0,42,1,2,,2201,110,2
1492,1,1,0,44,1,2,,2201,95,1
1516,1,1,0,42,1,2,,2201,110,4
1627,1,1,0,38,1,2,,2201,110,4
1710,1,1,0,44,1,2,,2201,100,2
1729,1,1,0,40,2,5,,2201,90,2
1804,1,1,0,41,1,2,,2201,100,2
1933,1,1,0,36,1,2,,2201,120,4
1935,1,1,0,41,1,2,,2201,110,4
1952,1,1,0,39,1,2,,2201,120,4
2036,1,1,0,40,1,2,,2201,120,4
2056,1,1,0,37,1,2,,2201,120,4
2057,1,1,0,38,1,2,,2201,120,4
2111,1,1,0,38,1,2,,2201,100,4
2118,1,1,0,39,1,2,,2201,100,2
2139,1,1,0,41,1,2,,2201,110,4
2185,1,1,0,44,1,2,,2201,115,5
2189,1,1,0,55,2,5,,2201,90,2
2261,1,1,0,58,2,5,,2201,90,2
2272,1,1,0,44,2,5,,2201,90,2
2326,1,1,0,34,1,2,,2201,120,4
2342,1,1,0,46,1,2,,2201,115,5
2357,1,1,0,47,1,2,,2201,110,4
2372,1,1,0,35,1,2,,2201,110,2
2406,1,1,0,40,1,2,,2201,110,4
2407,1,1,0,33,1,2,,2201,110,2
2438,1,1,0,34,1,2,,2201,110,2
2467,1,1,0,34,1,2,,2201,120,4
2483,1,1,0,39,1,2,,2201,110,4
2503,1,1,0,40,1,2,,2201,120,4
2549,1,1,0,33,1,2,,2201,120,4
2569,1,1,0,33,1,2,,2201,120,4
2622,1,1,0,39,1,2,,2201,110,4
2631,1,1,0,37,1,2,,2201,120,4
2639,1,1,0,41,1,2,,2201,110,2
2680,1,1,0,34,1,2,,2201,120,4
2704,0,0,33,34,1,2,,2201,110,2
2764,1,1,0,34,1,2,,2201,120,4
2770,1,1,0,37,1,2,,2201,120,4
2791,1,1,0,42,1,2,,2201,110,2
2799,1,1,0,39,1,2,,2201,110,2
2800,1,1,0,35,1,2,,2201,105,3
2873,1,1,0,38,1,2,,2201,110,2
2901,1,1,0,36,1,2,,2201,110,2
47,1,1,0,59,1,2,,2208,115,4
125,1,1,0,55,1,2,,2208,110,2
168,1,1,0,43,1,2,,2208,110,2
246,0,0,53,49,1,2,,2208,115,4
407,1,1,0,58,1,2,,2208,115,4
488,1,1,0,49,1,2,,2208,110,2
578,1,1,0,57,1,2,,2208,110,2
743,1,1,0,44,1,2,,2208,115,4
886,1,1,0,41,1,2,,2208,110,2
1062,1,1,0,45,1,2,,2208,115,4
1902,1,1,0,45,1,2,,2208,110,2
2075,1,1,0,55,1,2,,2208,115,4
76,1,1,0,50,2,4,3,2211,130,2
190,1,1,0,49,2,4,3,2211,130,2
239,1,1,0,51,2,4,3,2211,130,2
348,1,1,0,54,2,4,3,2211,125,5
381,1,1,0,47,2,4,3,2211,125,5
898,1,1,0,50,2,4,3,2211,125,5
1290,1,1,0,42,2,4,3,2211,130,2
1310,1,1,0,60,2,4,3,2211,125,5
2279,0,1,15,45,2,4,3,2211,130,2
1342,1,1,0,41,2,1,,2230,105,3
1582,1,1,0,33,2,1,,2230,95,2
1600,1,1,0,41,2,1,,2230,105,4
2554,1,1,0,41,2,1,,2230,95,2
2871,1,1,0,39,2,1,,2230,105,3
2891,1,1,0,40,2,1,,2230,95,2
1377,1,1,0,38,2,4,,2235,135,2
1429,1,1,0,38,2,4,,2235,130,2
1562,1,1,0,34,2,4,,2235,130,2
1566,1,1,0,41,2,4,,2235,125,2
1616,1,1,0,35,2,4,,2235,135,2
1624,1,1,0,43,2,4,,2235,135,2
1979,1,1,0,35,2,4,,2235,135,2
2003,1,1,0,36,2,4,,2235,125,2
2043,1,1,0,34,2,4,,2235,135,2
2051,1,1,0,36,2,4,,2235,130,2
2053,1,1,0,36,2,4,,2235,125,4
2054,1,1,0,43,2,4,,2235,130,2
2171,1,1,0,41,2,4,,2235,125,4
2352,1,1,0,43,2,4,,2235,125,2
2368,1,1,0,39,2,4,,2235,125,2
2401,1,1,0,36,2,4,,2235,125,4
2422,1,1,0,40,2,4,,2235,125,4
2449,1,1,0,33,2,4,,2235,125,4
2474,1,1,0,41,2,4,,2235,130,2
2516,1,1,0,38,2,4,,2235,135,2
2526,1,1,0,40,2,4,,2235,125,2
2542,1,1,0,35,2,4,,2235,125,2
2563,1,1,0,33,2,4,,2235,135,2
2588,1,1,0,39,2,4,,2235,135,2
2655,1,1,0,36,2,4,,2235,125,2
2670,1,1,0,34,2,4,,2235,130,2
2679,1,1,0,35,2,4,,2235,135,2
2685,1,1,0,41,2,4,,2235,125,2
2703,1,1,0,34,2,4,,2235,125,4
2815,1,1,0,35,2,4,,2235,130,2
2868,1,1,0,42,2,4,,2235,130,2
252,1,1,0,44,3,2,,2249,120,2
19,1,1,0,47,2,1,,2268,110,2
25,1,1,0,46,2,1,,2268,110,2
86,1,1,0,46,2,1,,2268,105,3
129,1,1,0,54,2,1,,2268,110,2
131,1,1,0,46,2,1,,2268,110,4
169,1,1,0,45,2,1,,2268,110,4
171,1,1,0,43,2,1,,2268,110,4
221,1,1,0,45,2,1,,2268,110,2
256,1,1,0,56,2,1,,2268,105,4
263,0,0,55,48,2,1,,2268,100,2
284,1,1,0,43,2,1,,2268,105,4
334,1,1,0,52,2,1,,2268,105,4
368,1,1,0,53,2,1,,2268,105,3
414,1,1,0,60,2,1,,2268,105,3
415,1,1,0,47,2,1,,2268,110,2
468,1,1,0,45,2,1,,2268,105,3
472,1,1,0,41,2,1,,2268,110,2
511,1,1,0,38,2,1,,2268,110,2
526,1,1,0,60,2,1,,2268,110,2
555,1,1,0,53,2,1,,2268,100,2
568,1,1,0,41,2,1,,2268,105,4
572,1,1,0,59,2,1,,2268,100,2
633,1,1,0,51,2,1,,2268,110,2
641,1,1,0,52,2,1,,2268,105,3
663,1,1,0,39,2,1,,2268,100,2
688,1,1,0,50,2,1,,2268,105,4
710,1,1,0,38,2,1,,2268,100,2
715,1,1,0,55,2,1,,2268,105,4
728,1,1,0,49,2,1,,2268,105,3
731,1,1,0,53,2,1,,2268,110,4
744,0,1,51,39,2,1,,2268,105,3
900,1,1,0,60,2,1,,2268,110,2
1032,1,1,0,49,2,1,,2268,105,4
1050,1,1,0,54,2,1,,2268,105,3
1075,1,1,0,57,2,1,,2268,100,2
1148,1,1,0,59,2,1,,2268,110,2
1164,1,1,0,51,2,1,,2268,110,4
1176,1,1,0,48,2,1,,2268,105,3
1264,1,1,0,48,2,1,,2268,100,2
1285,0,0,68,39,2,1,,2268,110,2
1657,1,1,0,54,2,1,,2268,100,2
1787,1,1,0,52,2,1,,2268,105,3
1867,1,1,0,47,2,1,,2268,105,3
1879,0,1,21,57,2,1,,2268,110,2
1921,1,1,0,50,2,1,,2268,105,3
2068,1,1,0,45,2,1,,2268,105,3
2096,1,1,0,44,2,1,,2268,110,4
2282,1,1,0,46,2,1,,2268,110,2
2301,1,1,0,51,2,1,,2268,105,3
2315,1,1,0,44,2,1,,2268,110,2
2324,1,1,0,59,2,1,,2268,110,4
778,1,1,0,42,2,4,,2285,135,2
842,1,1,0,47,2,4,,2285,125,3
897,1,1,0,39,2,4,,2285,125,3
984,1,1,0,42,2,4,,2285,135,4
996,1,1,0,44,2,4,,2285,135,5
1042,1,1,0,47,2,4,,2285,125,3
1095,1,1,0,45,2,4,,2285,135,3
1151,0,0,27,48,2,4,,2285,130,4
1188,1,1,0,45,2,4,,2285,130,4
1230,1,1,0,43,2,4,,2285,135,4
1231,0,1,79,45,2,4,,2285,135,5
1261,1,1,0,42,2,4,,2285,125,3
1317,1,1,0,39,2,4,,2285,135,2
1325,1,1,0,44,2,4,,2285,130,2
1351,1,1,0,45,2,4,,2285,135,3
1401,1,1,0,45,2,4,,2285,135,3
1691,1,1,0,47,2,4,,2285,125,3
1741,1,1,0,43,2,4,,2285,130,5
1814,1,1,0,44,2,4,,2285,130,5
2007,1,1,0,46,2,4,,2285,125,3
2145,1,1,0,38,2,4,,2285,130,2
2180,1,1,0,41,2,4,,2285,135,3
2307,1,1,0,38,2,4,,2285,130,4
2386,1,1,0,42,2,4,,2285,130,2
20,1,1,0,54,1,2,,2288,105,4
37,1,1,0,44,1,2,,2288,115,2
46,1,1,0,55,1,2,,2288,110,4
55,0,1,64,52,1,2,,2288,105,4
58,1,1,0,56,1,2,,2288,115,4
108,1,1,0,43,1,2,,2288,110,4
114,1,1,0,51,1,2,,2288,115,2
130,1,1,0,44,1,2,,2288,105,4
156,1,1,0,50,1,2,,2288,110,4
178,1,1,0,40,1,2,,2288,95,2
206,1,1,0,43,1,2,,2288,110,4
248,1,1,0,45,1,2,,2288,110,4
354,1,1,0,56,1,2,,2288,110,4
358,1,1,0,51,1,2,,2288,105,4
382,1,1,0,53,1,2,,2288,105,4
405,1,1,0,45,1,2,,2288,115,4
408,1,1,0,54,1,2,,2288,110,4
434,1,1,0,44,1,2,,2288,95,2
441,1,1,0,45,1,2,,2288,115,2
463,1,1,0,44,1,2,,2288,95,2
478,1,1,0,48,1,2,,2288,95,2
509,1,1,0,39,1,2,,2288,115,2
528,1,1,0,52,1,2,,2288,95,2
567,1,1,0,57,1,2,,2288,105,4
575,1,1,0,43,1,2,,2288,105,4
603,1,1,0,42,1,2,,2288,115,4
610,1,1,0,53,1,2,,2288,115,4
620,1,1,0,57,1,2,,2288,105,2
635,1,1,0,55,1,2,,2288,105,2
685,1,1,0,41,1,2,,2288,105,2
694,1,1,0,51,1,2,,2288,105,2
697,1,1,0,57,1,2,,2288,115,2
864,1,1,0,44,1,2,,2288,115,2
895,1,1,0,39,1,2,,2288,95,2
956,1,1,0,41,1,2,,2288,105,4
973,1,1,0,50,1,2,,2288,105,4
1180,1,1,0,53,1,2,,2288,95,2
1298,1,1,0,50,1,2,,2288,115,2
1299,1,1,0,40,1,2,,2288,115,4
1461,1,1,0,47,1,2,,2288,115,4
1490,1,1,0,59,1,2,,2288,105,4
1538,1,1,0,39,1,2,,2288,105,2
1648,1,1,0,57,1,2,,2288,110,4
1877,1,1,0,50,1,2,,2288,105,4
1887,0,0,39,56,1,2,,2288,115,4
2064,1,1,0,53,1,2,,2288,105,4
2087,0,0,21,43,1,2,,2288,105,4
2251,1,1,0,41,1,2,,2288,105,4
2300,1,1,0,45,1,2,,2288,105,4
2355,1,1,0,43,1,2,,2288,105,4
2390,1,1,0,56,1,2,,2288,105,2
2391,1,1,0,45,1,2,,2288,115,4
9,1,1,0,47,5,2,,2301,100,5
115,1,1,0,50,5,2,,2301,100,5
740,1,1,0,56,5,2,,2301,100,5
782,0,0,55,57,5,2,,2301,100,5
1056,1,1,0,50,5,2,,2301,100,5
1063,1,1,0,54,5,2,,2301,100,5
1355,1,1,0,39,5,2,,2301,90,2
1372,1,1,0,36,5,2,,2301,90,2
1390,1,1,0,40,5,2,,2301,95,2
1409,1,1,0,34,5,2,,2301,90,3
1423,1,1,0,37,5,2,,2301,95,3
1424,1,1,0,38,5,2,,2301,90,4
1425,1,1,0,38,5,2,,2301,100,4
1437,1,1,0,42,5,2,,2301,80,1
1637,1,1,0,33,5,2,,2301,95,3
1652,1,1,0,58,5,2,,2301,100,5
1730,1,1,0,42,5,2,,2301,90,4
1791,1,1,0,34,5,2,,2301,90,4
1937,1,1,0,41,5,2,,2301,90,2
1968,1,1,0,37,5,2,,2301,95,3
1997,1,1,0,34,5,2,,2301,90,4
2011,1,1,0,40,5,2,,2301,90,2
2029,1,1,0,38,5,2,,2301,90,2
2059,1,1,0,38,5,2,,2301,100,4
2150,1,1,0,40,5,2,,2301,95,2
2151,1,1,0,35,5,2,,2301,90,2
2164,1,1,0,41,5,2,,2301,95,3
2165,1,1,0,43,5,2,,2301,95,3
2177,1,1,0,42,5,2,,2301,95,3
2211,1,1,0,43,5,2,,2301,80,1
2230,1,1,0,34,5,2,,2301,95,3
2239,1,1,0,35,5,2,,2301,95,3
2243,1,1,0,39,5,2,,2301,90,2
2245,1,1,0,40,5,2,,2301,95,2
2253,1,1,0,53,5,2,,2301,100,5
2343,1,1,0,34,5,2,,2301,95,2
2359,1,1,0,42,5,2,,2301,90,4
2375,1,1,0,37,5,2,,2301,95,2
2427,1,1,0,34,5,2,,2301,90,3
2428,1,1,0,39,5,2,,2301,90,2
2461,1,1,0,42,5,2,,2301,95,3
2490,1,1,0,34,5,2,,2301,95,3
2504,1,1,0,36,5,2,,2301,95,3
2513,1,1,0,37,5,2,,2301,90,2
2521,1,1,0,43,5,2,,2301,100,4
2539,1,1,0,43,5,2,,2301,100,4
2579,1,1,0,35,5,2,,2301,90,2
2580,1,1,0,35,5,2,,2301,100,4
2601,1,1,0,41,5,2,,2301,100,4
2689,1,1,0,42,5,2,,2301,95,2
2695,1,1,0,41,5,2,,2301,90,3
2696,1,1,0,35,5,2,,2301,100,4
2720,1,1,0,33,5,2,,2301,90,2
2730,1,1,0,42,5,2,,2301,95,3
2757,1,1,0,38,5,2,,2301,90,3
2765,1,1,0,33,5,2,,2301,90,4
2772,1,1,0,42,5,2,,2301,90,2
2780,1,1,0,34,5,2,,2301,95,3
2811,1,1,0,39,5,2,,2301,80,1
2834,1,1,0,35,5,2,,2301,90,3
2854,1,1,0,38,5,2,,2301,90,3
2861,1,1,0,38,5,2,,2301,95,2
2875,1,1,0,33,5,2,,2301,90,2
2892,1,1,0,37,5,2,,2301,95,3
2894,1,1,0,38,5,2,,2301,90,4
2903,1,1,0,38,5,2,,2301,90,2
904,1,1,0,43,2,4,,2304,125,3
1127,1,1,0,39,2,4,,2304,135,2
1202,1,1,0,47,2,4,,2304,125,3
1400,1,1,0,46,2,4,,2304,130,2
1524,1,1,0,46,2,4,,2304,130,2
1675,0,1,78,40,2,4,,2304,135,3
2298,1,1,0,48,2,4,,2304,135,3
460,1,1,0,52,2,3,,2309,125,2
517,1,1,0,50,2,3,,2309,125,2
1539,1,1,0,43,1,2,,2309,120,4
1725,1,1,0,40,1,2,,2309,110,3
1748,1,1,0,37,1,2,,2309,105,3
1843,1,1,0,37,1,2,,2309,105,3
2008,1,1,0,37,1,2,,2309,110,2
2028,1,1,0,34,1,2,,2309,110,2
2148,1,1,0,33,1,2,,2309,105,3
2426,1,1,0,36,1,2,,2309,110,3
2489,1,1,0,35,1,2,,2309,110,3
2511,1,1,0,37,1,2,,2309,110,3
2519,0,0,16,42,1,2,,2309,105,3
2714,1,1,0,34,1,2,,2309,110,4
2777,1,1,0,37,1,2,,2309,110,3
2778,1,1,0,41,1,2,,2309,120,4
2825,1,1,0,37,1,2,,2309,110,3
2843,1,1,0,34,1,2,,2309,110,2
889,1,1,0,45,2,4,,2322,130,2
896,1,1,0,43,2,4,,2322,135,4
1005,1,1,0,43,2,4,,2322,135,3
1029,1,1,0,40,2,4,,2322,130,4
1094,1,1,0,38,2,4,,2322,135,2
1136,1,1,0,44,2,4,,2322,125,3
1204,1,1,0,47,2,4,,2322,135,2
1207,1,1,0,46,2,4,,2322,135,3
1240,1,1,0,48,2,4,,2322,130,4
1250,1,1,0,38,2,4,,2322,130,2
1323,1,1,0,40,2,4,,2322,130,2
1324,1,1,0,41,2,4,,2322,135,5
1402,1,1,0,47,2,4,,2322,135,3
1487,1,1,0,48,2,4,,2322,125,3
1504,1,1,0,47,2,4,,2322,125,3
1525,1,1,0,48,2,4,,2322,125,3
1595,1,1,0,38,2,4,,2322,130,5
1781,1,1,0,48,2,4,,2322,135,3
2004,1,1,0,46,2,4,,2322,130,2
2384,1,1,0,48,2,4,,2322,125,3
1860,1,1,0,37,2,1,,2335,105,3
2371,1,1,0,35,2,1,,2335,105,3
2810,1,1,0,36,2,1,,2335,95,2
353,1,1,0,42,2,4,4,2339,130,2
500,1,1,0,86,2,4,4,2339,135,2
804,1,1,0,38,2,4,,2339,135,4
931,1,1,0,46,2,4,,2339,130,4
935,1,1,0,38,2,4,,2339,135,3
979,1,1,0,40,2,4,,2339,125,3
1144,1,1,0,43,2,4,,2339,135,5
1145,1,1,0,44,2,4,4,2339,135,2
1315,1,1,0,47,2,4,,2339,130,5
1436,1,1,0,39,2,4,,2339,115,2
1448,1,1,0,50,2,4,4,2339,130,2
1537,1,1,0,38,2,4,,2339,125,3
1579,1,1,0,41,2,4,,2339,135,2
1596,0,0,66,42,2,4,,2339,135,2
1597,1,1,0,58,2,4,1,2339,135,2
1625,1,1,0,35,2,4,,2339,115,2
1673,1,1,0,38,2,4,,2339,130,2
1684,1,1,0,43,2,4,,2339,125,3
1742,1,1,0,33,2,4,,2339,130,2
1745,1,1,0,71,2,4,1,2339,130,4
1842,1,1,0,43,2,4,,2339,130,3
1931,0,0,59,43,2,4,,2339,115,2
1962,1,1,0,42,2,4,,2339,130,2
1978,1,1,0,35,2,4,,2339,125,3
1992,1,1,0,36,2,4,,2339,130,2
2146,1,1,0,41,2,4,,2339,130,3
2159,1,1,0,43,2,4,,2339,130,4
2170,1,1,0,41,2,4,,2339,130,2
2233,1,1,0,42,2,4,,2339,115,2
2277,1,1,0,84,2,4,1,2339,135,2
2383,1,1,0,38,2,4,,2339,125,3
2400,1,1,0,38,2,4,,2339,135,3
2423,1,1,0,40,2,4,,2339,125,3
2433,1,1,0,42,2,4,,2339,130,3
2534,1,1,0,36,2,4,,2339,130,2
2564,1,1,0,39,2,4,,2339,125,3
2597,1,1,0,42,2,4,,2339,110,4
2610,1,1,0,36,2,4,,2339,115,2
2724,1,1,0,39,2,4,,2339,130,2
2750,1,1,0,41,2,4,,2339,130,2
2751,1,1,0,43,2,4,,2339,135,2
2760,1,1,0,43,2,4,,2339,135,2
2830,1,1,0,40,2,4,,2339,130,3
2869,1,1,0,43,2,4,,2339,130,3
796,1,1,0,48,4,2,,2354,135,3
910,1,1,0,45,4,2,,2354,135,4
921,1,1,0,48,4,2,,2354,125,3
932,1,1,0,42,4,2,,2354,135,3
1004,1,1,0,43,4,2,,2354,130,2
1048,1,1,0,39,4,2,,2354,135,4
1114,1,1,0,48,4,2,,2354,130,2
1203,1,1,0,45,4,2,,2354,125,3
1215,1,1,0,46,4,2,,2354,140,4
1262,1,1,0,44,4,2,,2354,135,3
1386,0,0,89,45,4,2,,2354,125,3
1498,1,1,0,42,4,2,,2354,125,3
1564,1,1,0,45,4,2,,2354,135,3
1578,1,1,0,42,4,2,,2354,130,2
1676,1,1,0,42,4,2,,2354,130,2
1689,1,1,0,40,4,2,,2354,140,2
1709,1,1,0,43,4,2,,2354,130,5
1720,1,1,0,47,4,2,,2354,140,2
1743,1,1,0,41,4,2,,2354,140,2
1782,0,0,99,47,4,2,,2354,125,3
1890,1,1,0,44,4,2,,2354,130,2
1901,1,1,0,48,4,2,,2354,125,3
1919,1,1,0,39,4,2,,2354,135,3
1945,1,1,0,48,4,2,,2354,135,3
1990,1,1,0,40,4,2,,2354,135,4
2005,1,1,0,42,4,2,,2354,135,1
2123,1,1,0,39,4,2,,2354,125,3
2124,1,1,0,47,4,2,,2354,135,1
2160,0,1,70,38,4,2,,2354,135,4
2181,1,1,0,48,4,2,,2354,140,4
2287,1,1,0,39,4,2,,2354,135,1
2334,1,1,0,42,4,2,,2354,130,2
2369,1,1,0,40,4,2,,2354,135,3
2402,1,1,0,44,4,2,,2354,135,3
1988,1,1,0,43,3,2,,2365,120,2
2864,1,1,0,33,3,2,,2365,120,2
840,1,1,0,38,4,2,,2372,135,4
841,1,1,0,41,4,2,,2372,135,3
909,1,1,0,46,4,2,,2372,135,1
1014,1,1,0,44,4,2,,2372,125,3
1047,1,1,0,46,4,2,,2372,135,4
1105,1,1,0,44,4,2,,2372,135,3
1130,1,1,0,47,4,2,,2372,140,2
1316,1,1,0,43,4,2,,2372,130,2
1340,1,1,0,46,4,2,,2372,130,2
1385,1,1,0,40,4,2,,2372,125,3
1899,1,1,0,43,4,2,,2372,140,4
1900,0,0,55,45,4,2,,2372,135,3
2319,1,1,0,44,4,2,,2372,125,3
1034,0,0,82,47,4,2,,2392,135,3
1208,1,1,0,45,4,2,,2392,135,4
1214,1,1,0,46,4,2,,2392,130,5
1260,1,1,0,44,4,2,,2392,135,3
1326,1,1,0,47,4,2,,2392,125,3
1327,1,1,0,44,4,2,,2392,140,4
1328,1,1,0,40,4,2,,2392,130,2
1364,1,1,0,45,4,2,,2392,125,3
1507,1,1,0,47,4,2,,2392,135,3
1513,1,1,0,47,4,2,,2392,135,1
1565,1,1,0,39,4,2,,2392,130,2
1677,1,1,0,46,4,2,,2392,135,3
1688,1,1,0,40,4,2,,2392,135,3
1707,1,1,0,39,4,2,,2392,130,2
1708,1,1,0,47,4,2,,2392,140,2
1784,1,1,0,42,4,2,,2392,135,3
1891,1,1,0,46,4,2,,2392,125,3
1908,0,0,65,39,4,2,,2392,125,3
1944,1,1,0,47,4,2,,2392,135,4
1946,1,1,0,46,4,2,,2392,125,3
2108,1,1,0,39,4,2,,2392,125,3
2132,1,1,0,48,4,2,,2392,135,4
2133,1,1,0,38,4,2,,2392,135,1
2320,1,1,0,40,4,2,,2392,140,2
2388,1,1,0,42,4,2,,2392,130,5
42,1,1,0,60,5,2,,2393,90,2
57,0,0,90,56,5,2,,2393,85,4
102,0,0,25,40,5,2,,2393,85,4
135,1,1,0,59,5,2,,2393,85,4
303,1,1,0,40,5,2,,2393,95,3
373,1,1,0,49,5,2,,2393,95,3
389,1,1,0,58,5,2,,2393,95,3
425,1,1,0,49,5,2,,2393,90,2
445,1,1,0,50,5,2,,2393,85,4
532,1,1,0,51,5,2,,2393,90,2
584,1,1,0,59,5,2,,2393,95,3
604,1,1,0,56,5,2,,2393,85,4
675,1,1,0,43,5,2,,2393,90,2
686,1,1,0,39,5,2,,2393,95,3
748,1,1,0,51,5,2,,2393,95,3
1192,1,1,0,45,5,2,,2393,85,4
1221,1,1,0,54,5,2,,2393,85,4
1661,1,1,0,46,5,2,,2393,90,2
2076,1,1,0,47,5,2,,2393,85,4
2269,1,1,0,56,5,2,,2393,90,2
1081,1,1,0,52,4,2,3,2409,135,2
1666,1,1,0,75,4,2,3,2409,140,4
100,1,1,0,60,4,2,3,2410,135,4
582,1,1,0,54,4,2,3,2410,135,4
834,1,1,0,48,4,2,,2410,135,1
1041,1,1,0,42,4,2,,2410,135,4
1322,1,1,0,46,4,2,,2410,140,2
1419,1,1,0,35,4,2,,2410,135,3
1422,1,1,0,41,4,2,,2410,135,3
1550,1,1,0,45,4,2,,2410,140,4
1607,1,1,0,34,4,2,,2410,130,3
1721,0,0,53,36,4,2,,2410,130,3
1785,1,1,0,42,4,2,,2410,135,4
1801,1,1,0,37,4,2,,2410,130,3
1812,1,1,0,35,4,2,,2410,150,2
1833,1,1,0,36,4,2,,2410,135,4
1841,1,1,0,34,4,2,,2410,135,3
1857,1,1,0,35,4,2,,2410,130,4
2018,1,1,0,35,4,2,,2410,130,3
2025,0,0,28,42,4,2,,2410,135,4
2122,1,1,0,47,4,2,,2410,130,2
2144,1,1,0,40,4,2,,2410,130,2
2353,1,1,0,38,4,2,,2410,135,3
2367,1,1,0,43,4,2,,2410,130,2
2403,1,1,0,43,4,2,,2410,135,3
2432,1,1,0,38,4,2,,2410,135,4
2434,1,1,0,43,4,2,,2410,130,3
2457,1,1,0,43,4,2,,2410,130,4
2535,1,1,0,41,4,2,,2410,130,3
2546,1,1,0,33,4,2,,2410,130,2
2547,0,0,74,34,4,2,,2410,130,4
2589,0,0,40,36,4,2,,2410,130,4
2645,1,1,0,35,4,2,,2410,130,3
2646,1,1,0,37,4,2,,2410,130,4
2664,1,1,0,34,4,2,,2410,135,3
2716,1,1,0,34,4,2,,2410,130,3
2755,1,1,0,42,4,2,,2410,135,4
2776,1,1,0,34,4,2,,2410,130,5
2787,1,1,0,34,4,2,,2410,130,3
2840,1,1,0,41,4,2,,2410,135,4
2866,1,1,0,38,4,2,,2410,130,5
2898,1,1,0,35,4,2,,2410,135,4
1404,1,1,0,35,1,2,,2414,105,3
1818,1,1,0,42,1,2,,2414,110,2
2186,1,1,0,40,1,2,,2414,110,3
2234,1,1,0,37,1,2,,2414,105,3
2824,1,1,0,40,1,2,,2414,105,3
2216,1,1,0,33,2,3,,2417,120,2
2509,1,1,0,40,2,3,,2417,120,2
26,1,1,0,40,2,5,,2426,80,4
982,1,1,0,48,2,4,,2461,130,2
13,1,1,0,43,2,4,,2464,135,4
101,1,1,0,42,2,4,,2464,130,2
134,1,1,0,45,2,4,,2464,145,4
142,1,1,0,47,2,4,,2464,145,4
144,1,1,0,48,2,4,,2464,135,4
174,1,1,0,59,2,4,,2464,145,4
175,0,0,27,38,2,4,,2464,135,2
211,1,1,0,47,2,4,,2464,135,2
240,1,1,0,45,2,4,,2464,135,4
243,1,1,0,55,2,4,,2464,135,2
294,1,1,0,51,2,4,,2464,135,3
305,1,1,0,50,2,4,,2464,135,4
309,0,1,86,51,2,4,,2464,135,4
527,0,0,16,49,2,4,,2464,135,3
581,1,1,0,49,2,4,,2464,135,2
586,1,1,0,48,2,4,,2464,145,4
617,1,1,0,48,2,4,,2464,135,2
669,1,1,0,39,2,4,,2464,145,4
674,1,1,0,54,2,4,,2464,135,4
700,1,1,0,60,2,4,,2464,135,3
825,1,1,0,55,2,4,,2464,135,3
865,0,0,29,51,2,4,,2464,135,4
879,1,1,0,54,2,4,,2464,130,2
881,1,1,0,53,2,4,,2464,130,2
883,0,0,61,49,2,4,,2464,135,3
884,1,1,0,42,2,4,,2464,135,2
950,1,1,0,53,2,4,,2464,130,2
951,1,1,0,42,2,4,,2464,135,4
955,1,1,0,50,2,4,,2464,135,4
999,1,1,0,41,2,4,,2464,135,2
1022,1,1,0,58,2,4,,2464,130,2
1067,1,1,0,52,2,4,,2464,135,4
1086,1,1,0,58,2,4,,2464,130,2
1087,1,1,0,40,2,4,,2464,135,2
1243,1,1,0,57,2,4,,2464,135,4
1291,1,1,0,41,2,4,,2464,135,4
1449,1,1,0,43,2,4,,2464,145,4
1463,1,1,0,46,2,4,,2464,135,4
1474,1,1,0,50,2,4,,2464,135,2
1478,1,1,0,45,2,4,,2464,135,3
1646,1,1,0,46,2,4,,2464,135,4
1650,0,1,153,59,2,4,,2464,135,2
1660,1,1,0,60,2,4,,2464,145,4
1740,1,1,0,58,2,4,,2464,135,2
1883,1,1,0,46,2,4,,2464,135,4
1963,1,1,0,59,2,4,,2464,135,2
2093,1,1,0,54,2,4,,2464,145,4
2126,1,1,0,45,2,4,,2464,135,4
1715,1,1,0,40,2,3,,2468,115,2
30,1,1,0,52,4,2,,2476,135,4
53,1,1,0,60,4,2,,2476,130,2
97,1,1,0,49,4,2,,2476,135,2
143,1,1,0,58,4,2,,2476,125,2
177,0,0,30,38,4,2,,2476,125,2
183,1,1,0,59,4,2,,2476,130,2
218,1,1,0,51,4,2,,2476,130,4
291,1,1,0,60,4,2,,2476,130,4
308,1,1,0,42,4,2,,2476,120,4
311,1,1,0,42,4,2,,2476,125,2
316,1,1,0,44,4,2,,2476,135,2
317,1,1,0,56,4,2,,2476,135,2
329,1,1,0,49,4,2,,2476,135,4
331,1,1,0,57,4,2,,2476,120,4
332,1,1,0,48,4,2,,2476,130,2
418,1,1,0,50,4,2,,2476,135,2
423,1,1,0,55,4,2,,2476,135,4
462,1,1,0,49,4,2,,2476,120,4
471,1,1,0,45,4,2,,2476,130,2
514,1,1,0,49,4,2,,2476,130,2
542,1,1,0,49,4,2,,2476,135,2
590,1,1,0,55,4,2,,2476,130,2
601,1,1,0,38,4,2,,2476,135,4
662,1,1,0,53,4,2,,2476,120,4
692,0,0,27,43,4,2,,2476,135,2
699,1,1,0,60,4,2,,2476,125,2
708,1,1,0,60,4,2,,2476,130,2
876,1,1,0,57,4,2,,2476,130,4
948,1,1,0,57,4,2,,2476,130,2
997,1,1,0,56,4,2,,2476,125,2
1006,1,1,0,45,4,2,,2476,135,4
1070,1,1,0,53,4,2,,2476,120,4
1101,1,1,0,53,4,2,,2476,135,4
1175,1,1,0,44,4,2,,2476,135,4
1232,1,1,0,39,4,2,,2476,130,2
1270,1,1,0,42,4,2,,2476,125,2
1280,1,1,0,56,4,2,,2476,125,2
1376,1,1,0,39,4,2,,2476,130,2
1454,1,1,0,51,4,2,,2476,135,2
1462,1,1,0,56,4,2,,2476,130,2
1470,1,1,0,49,4,2,,2476,125,2
1479,1,1,0,39,4,2,,2476,120,4
1503,1,1,0,42,4,2,,2476,120,4
1813,1,1,0,48,4,2,,2476,135,2
2117,1,1,0,38,4,2,,2476,120,4
2250,1,1,0,43,4,2,,2476,130,2
2267,1,1,0,38,4,2,,2476,130,2
2278,1,1,0,50,4,2,,2476,130,2
7,1,1,0,57,2,4,,2496,125,4
34,1,1,0,55,2,4,,2496,125,4
73,1,1,0,45,2,4,,2496,125,2
104,1,1,0,53,2,4,,2496,130,5
110,1,1,0,51,2,4,,2496,125,2
176,1,1,0,42,2,4,,2496,125,2
204,0,0,27,56,2,4,,2496,135,4
205,1,1,0,59,2,4,,2496,130,5
254,1,1,0,58,2,4,,2496,125,4
299,1,1,0,49,2,4,,2496,135,4
300,1,1,0,38,2,4,,2496,125,2
306,1,1,0,55,2,4,,2496,125,4
330,1,1,0,41,2,4,,2496,130,5
356,1,1,0,43,2,4,,2496,130,4
364,1,1,0,58,2,4,,2496,135,4
372,1,1,0,52,2,4,,2496,125,4
448,1,1,0,52,2,4,,2496,130,4
466,1,1,0,60,2,4,,2496,130,5
507,0,0,61,54,2,4,,2496,125,4
520,1,1,0,43,2,4,,2496,130,5
522,1,1,0,49,2,4,,2496,130,4
560,1,1,0,38,2,4,,2496,135,4
629,1,1,0,44,2,4,,2496,125,2
670,1,1,0,49,2,4,,2496,130,4
681,1,1,0,56,2,4,,2496,125,2
683,1,1,0,38,2,4,,2496,125,2
696,1,1,0,58,2,4,,2496,125,2
739,1,1,0,54,2,4,,2496,130,5
746,1,1,0,59,2,4,,2496,125,2
850,1,1,0,50,2,4,,2496,135,4
866,1,1,0,60,2,4,,2496,135,4
958,1,1,0,55,2,4,,2496,125,2
998,0,1,98,51,2,4,,2496,130,4
1013,1,1,0,57,2,4,,2496,130,4
1274,1,1,0,59,2,4,,2496,135,4
1536,0,0,40,48,2,4,,2496,125,2
1667,1,1,0,46,2,4,,2496,125,2
1678,1,1,0,38,2,4,,2496,125,4
1739,1,1,0,48,2,4,,2496,130,5
1930,1,1,0,57,2,4,,2496,130,4
2086,1,1,0,59,2,4,,2496,130,5
2263,0,0,81,46,2,4,,2496,125,4
2276,1,1,0,54,2,4,,2496,135,4
2598,1,1,0,40,1,2,,2572,110,2
2649,1,1,0,40,1,2,,2572,110,2
27,1,1,0,54,4,2,,2586,130,4
31,1,1,0,47,4,2,,2586,130,4
35,1,1,0,39,4,2,,2586,130,4
68,1,1,0,46,4,2,,2586,130,4
82,0,1,51,58,4,2,,2586,130,4
83,1,1,0,38,4,2,,2586,130,4
153,1,1,0,45,4,2,,2586,130,1
319,1,1,0,54,4,2,,2586,130,4
395,1,1,0,43,4,2,,2586,130,4
417,1,1,0,56,4,2,,2586,130,1
432,1,1,0,58,4,2,,2586,130,4
537,1,1,0,42,4,2,,2586,130,4
577,1,1,0,48,4,2,,2586,130,4
690,1,1,0,43,4,2,,2586,130,1
933,1,1,0,38,4,2,,2586,130,4
1131,1,1,0,53,4,2,,2586,130,1
1497,1,1,0,52,4,2,,2586,130,4
1882,0,0,50,40,4,2,,2586,130,1
1961,1,1,0,45,4,2,,2586,130,4
2065,1,1,0,42,4,2,,2586,130,1
2072,1,1,0,38,4,2,,2586,130,4
2172,1,1,0,60,4,2,,2586,130,4
23,1,1,0,44,2,4,3,2614,145,4
215,1,1,0,72,2,4,3,2614,145,4
234,0,1,69,89,2,4,3,2614,135,2
530,1,1,0,83,2,4,3,2614,130,4
554,1,1,0,82,2,4,3,2614,130,4
680,0,0,45,44,2,4,3,2614,145,4
723,1,1,0,85,2,4,3,2614,135,2
750,1,1,0,82,2,4,3,2614,130,4
805,1,1,0,74,2,4,3,2614,130,4
947,1,1,0,51,2,4,1,2614,145,4
1023,0,0,40,46,2,4,1,2614,135,2
1057,1,1,0,53,2,4,3,2614,135,2
1163,1,1,0,77,2,4,1,2614,135,2
1304,1,1,0,80,2,4,3,2614,145,4
1464,1,1,0,76,2,4,3,2614,145,4
1477,1,1,0,40,2,4,3,2614,135,2
2101,1,1,0,55,2,4,3,2614,135,2
72,1,1,0,79,4,2,3,2621,135,2
164,1,1,0,73,4,2,3,2621,140,2
298,1,1,0,59,4,2,3,2621,130,4
324,1,1,0,84,4,2,3,2621,140,4
363,1,1,0,58,4,2,3,2621,130,4
406,1,1,0,40,4,2,3,2621,130,4
535,1,1,0,79,4,2,3,2621,135,2
835,1,1,0,58,4,2,3,2621,130,4
860,1,1,0,43,4,2,3,2621,140,4
1183,1,1,0,71,4,2,3,2621,130,4
1187,0,1,94,88,4,2,3,2621,140,4
1241,1,1,0,48,4,2,3,2621,135,2
1287,1,1,0,56,4,2,3,2621,130,4
1296,1,1,0,54,4,2,3,2621,130,4
1453,1,1,0,77,4,2,3,2621,140,4
1576,1,1,0,50,4,2,3,2621,140,4
1674,1,1,0,56,4,2,3,2621,140,2
1876,1,1,0,51,4,2,3,2621,140,4
2127,0,0,65,82,4,2,3,2621,140,2
2321,1,1,0,77,4,2,3,2621,140,2
1447,1,1,0,41,3,2,,2673,125,4
2153,1,1,0,39,3,2,,2681,115,3
2444,1,1,0,42,3,2,,2681,120,4
598,1,1,0,60,2,4,,2717,125,2
644,1,1,0,41,2,4,,2717,125,2
2798,1,1,0,43,1,2,,2729,110,3
186,1,1,0,52,2,3,,2733,125,2
1282,1,1,0,48,2,3,,2733,125,3
1738,0,0,89,38,2,4,,2738,135,2
2050,1,1,0,40,2,4,,2738,130,3
2456,1,1,0,38,2,4,,2738,115,2
2575,1,1,0,36,2,4,,2738,115,2
2660,1,1,0,42,2,4,,2738,125,3
2867,1,1,0,43,2,4,,2738,115,2
12,1,1,0,56,2,4,,2744,130,2
67,1,1,0,44,2,4,,2744,125,3
91,1,1,0,60,2,4,,2744,140,3
216,1,1,0,50,2,4,,2744,130,2
279,0,0,15,48,2,4,,2744,130,2
367,1,1,0,54,2,4,,2744,135,2
388,1,1,0,39,2,4,,2744,135,3
461,1,1,0,43,2,4,,2744,130,2
519,1,1,0,38,2,4,,2744,125,3
521,1,1,0,39,2,4,,2744,140,3
525,1,1,0,44,2,4,,2744,135,2
562,1,1,0,42,2,4,,2744,135,3
609,1,1,0,41,2,4,,2744,125,3
623,1,1,0,54,2,4,,2744,130,2
724,1,1,0,48,2,4,,2744,140,3
727,0,0,41,39,2,4,,2744,135,3
735,1,1,0,47,2,4,,2744,135,3
774,1,1,0,57,2,4,,2744,125,3
813,1,1,0,39,2,4,,2744,135,2
943,1,1,0,58,2,4,,2744,125,3
961,1,1,0,59,2,4,,2744,125,3
970,1,1,0,60,2,4,,2744,130,2
1015,1,1,0,56,2,4,,2744,135,2
1119,1,1,0,42,2,4,,2744,135,2
1126,1,1,0,54,2,4,,2744,140,3
1146,1,1,0,54,2,4,,2744,140,3
1171,1,1,0,53,2,4,,2744,140,3
1182,1,1,0,52,2,4,,2744,140,3
1701,1,1,0,49,2,4,,2744,135,2
1875,1,1,0,59,2,4,,2744,140,3
1991,0,1,45,41,2,4,,2744,135,3
2090,1,1,0,58,2,4,,2744,130,2
2131,1,1,0,43,2,4,,2744,125,3
2366,0,0,58,47,2,4,,2748,130,2
2061,1,1,0,42,2,3,,2773,115,3
2203,1,1,0,40,2,3,,2773,120,2
2332,1,1,0,39,2,3,,2773,110,3
2747,1,1,0,39,2,3,,2773,120,2
278,1,1,0,43,2,4,,2779,135,2
499,1,1,0,43,2,4,,2779,135,2
1283,1,1,0,59,2,4,,2779,135,3
1455,0,0,35,51,2,4,,2779,135,2
1466,1,1,0,51,2,4,,2779,135,3
2089,1,1,0,55,2,4,,2779,130,2
2109,1,1,0,48,2,4,,2779,135,2
789,1,1,0,39,4,2,,2790,135,3
849,1,1,0,43,4,2,,2790,135,3
1239,1,1,0,39,4,2,,2790,135,4
1339,1,1,0,39,4,2,,2790,135,3
1687,1,1,0,39,4,2,,2790,125,3
1761,1,1,0,48,4,2,,2790,125,3
1800,1,1,0,43,4,2,,2790,140,4
195,1,1,0,60,4,2,,2791,130,2
262,1,1,0,52,4,2,,2791,135,4
424,1,1,0,54,4,2,,2791,130,4
486,1,1,0,53,4,2,,2791,130,4
732,1,1,0,42,4,2,,2791,130,4
770,1,1,0,42,4,2,,2791,130,4
1428,1,1,0,38,4,2,,2791,130,3
1551,1,1,0,38,4,2,,2791,130,4
1605,1,1,0,43,4,2,,2791,130,3
1744,1,1,0,37,4,2,,2791,140,2
1827,1,1,0,38,4,2,,2791,130,3
2026,0,0,150,38,4,2,,2791,130,3
2055,1,1,0,43,4,2,,2791,130,4
2194,1,1,0,43,4,2,,2791,135,3
2387,1,1,0,36,4,2,,2791,135,4
2431,0,1,34,39,4,2,,2791,130,4
2499,1,1,0,37,4,2,,2791,130,3
2665,0,0,15,43,4,2,,2791,130,4
2822,1,1,0,37,4,2,,2791,130,3
2849,1,1,0,37,4,2,,2791,140,2
17,1,1,0,46,4,2,,2823,130,3
18,1,1,0,58,4,2,,2823,130,3
59,1,1,0,58,4,2,,2823,125,2
128,1,1,0,40,4,2,,2823,125,2
138,1,1,0,40,4,2,,2823,130,3
155,1,1,0,57,4,2,,2823,130,3
189,0,1,80,45,4,2,,2823,130,4
244,1,1,0,55,4,2,,2823,140,2
251,1,1,0,56,4,2,,2823,135,2
270,1,1,0,53,4,2,,2823,135,2
274,1,1,0,59,4,2,,2823,140,2
289,1,1,0,50,4,2,,2823,130,3
320,0,0,49,42,4,2,,2823,125,2
321,1,1,0,60,4,2,,2823,130,3
328,1,1,0,57,4,2,,2823,130,3
333,0,1,30,49,4,2,,2823,130,4
343,1,1,0,41,4,2,,2823,135,2
362,1,1,0,45,4,2,,2823,125,2
369,1,1,0,54,4,2,,2823,135,2
437,1,1,0,51,4,2,,2823,125,2
451,0,0,136,56,4,2,,2823,130,3
496,1,1,0,46,4,2,,2823,130,4
515,1,1,0,60,4,2,,2823,130,4
531,1,1,0,49,4,2,,2823,130,3
639,1,1,0,44,4,2,,2823,140,2
769,1,1,0,54,4,2,,2823,130,4
771,1,1,0,55,4,2,,2823,130,3
775,1,1,0,44,4,2,,2823,125,2
776,1,1,0,43,4,2,,2823,130,3
777,1,1,0,52,4,2,,2823,130,3
857,1,1,0,46,4,2,,2823,130,3
874,1,1,0,52,4,2,,2823,130,3
922,1,1,0,46,4,2,,2823,140,2
944,1,1,0,43,4,2,,2823,130,4
965,1,1,0,43,4,2,,2823,135,2
983,1,1,0,56,4,2,,2823,135,2
1055,0,0,46,58,4,2,,2823,130,4
1066,1,1,0,43,4,2,,2823,130,3
1137,1,1,0,52,4,2,,2823,130,3
1152,1,1,0,53,4,2,,2823,140,2
1172,1,1,0,46,4,2,,2823,140,2
1256,0,0,99,53,4,2,,2823,140,2
1303,1,1,0,40,4,2,,2823,125,2
1465,1,1,0,50,4,2,,2823,130,3
1508,1,1,0,56,4,2,,2823,130,3
1563,1,1,0,59,4,2,,2823,125,2
1659,1,1,0,54,4,2,,2823,130,3
1690,1,1,0,47,4,2,,2823,130,3
2079,1,1,0,51,4,2,,2823,130,3
2193,0,0,83,41,4,2,,2823,135,2
2385,1,1,0,59,4,2,,2823,130,3
225,1,1,0,60,3,2,,2828,130,3
817,1,1,0,40,2,6,,2832,155,4
854,1,1,0,45,2,6,,2832,155,4
1108,1,1,0,39,2,6,,2832,150,1
1247,1,1,0,48,2,6,,2832,155,4
1938,1,1,0,41,2,6,,2832,155,4
1775,1,1,0,42,2,6,,2834,155,4
2302,1,1,0,40,2,6,,2834,155,4
591,1,1,0,44,2,6,,2835,160,2
1379,1,1,0,42,2,6,,2835,160,2
1413,1,1,0,36,2,6,,2835,150,5
1415,1,1,0,33,2,6,,2835,150,5
1482,1,1,0,60,2,6,,2835,160,2
1529,1,1,0,35,2,6,,2835,150,5
1543,1,1,0,42,2,6,,2835,160,2
1571,1,1,0,33,2,6,,2835,150,5
1633,1,1,0,41,2,6,,2835,140,3
1825,1,1,0,36,2,6,,2835,150,5
1855,1,1,0,35,2,6,,2835,160,3
1904,1,1,0,49,2,6,,2835,160,2
2048,1,1,0,39,2,6,,2835,140,3
2049,1,1,0,43,2,6,,2835,160,2
2410,1,1,0,42,2,6,,2835,160,2
2411,1,1,0,35,2,6,,2835,150,5
2412,0,0,27,33,2,6,,2835,145,4
2471,1,1,0,42,2,6,,2835,155,2
2550,1,1,0,35,2,6,,2835,145,4
2633,1,1,0,38,2,6,,2835,145,4
2676,1,1,0,36,2,6,,2835,150,5
2766,1,1,0,35,2,6,,2835,155,2
2784,1,1,0,36,2,6,,2835,150,5
2837,1,1,0,33,2,6,,2835,155,2
2845,1,1,0,41,2,6,,2835,145,4
2885,1,1,0,36,2,6,,2835,155,2
2905,1,1,0,39,2,6,,2835,160,2
2844,1,1,0,35,5,2,,2890,90,3
1870,1,1,0,55,2,4,,2965,135,3
5,1,1,0,47,2,6,,2966,160,2
127,1,1,0,46,2,6,,2966,155,3
397,1,1,0,53,2,6,,2966,160,2
412,1,1,0,60,2,6,,2966,155,3
413,1,1,0,38,2,6,,2966,170,3
628,1,1,0,52,2,6,,2966,170,3
756,1,1,0,54,2,6,,2966,155,3
1110,1,1,0,47,2,6,,2966,155,3
1886,1,1,0,55,2,6,,2966,160,2
1972,1,1,0,47,2,6,,2966,160,2
2303,1,1,0,43,2,6,,2966,170,3
2345,1,1,0,48,2,6,,2966,160,2
2420,1,1,0,35,4,2,,3001,130,3
1416,1,1,0,47,3,2,,3013,110,1
559,1,1,0,49,4,2,,3045,130,3
626,1,1,0,54,4,2,,3045,130,3
107,1,1,0,51,2,4,,3050,130,4
2107,0,0,66,50,4,2,5,3051,135,4
2614,1,1,0,34,2,1,,3070,105,4
1363,1,1,0,46,4,2,,3088,125,3
1549,0,0,40,44,4,2,,3088,130,5
1594,1,1,0,46,4,2,,3088,135,4
1957,0,0,59,41,3,2,,3101,115,3
1065,1,1,0,54,4,2,,3141,130,4
32,1,1,0,49,2,4,,3166,130,4
45,1,1,0,46,2,4,,3166,130,2
163,1,1,0,44,2,4,,3166,130,3
199,1,1,0,49,2,4,,3166,130,3
237,1,1,0,45,2,4,,3166,130,3
250,0,0,58,59,2,4,,3166,130,4
302,1,1,0,45,2,4,,3166,130,2
438,1,1,0,59,2,4,,3166,130,3
475,1,1,0,52,2,4,,3166,135,2
538,1,1,0,42,2,4,,3166,135,2
547,1,1,0,43,2,4,,3166,130,4
552,1,1,0,49,2,4,,3166,130,3
574,1,1,0,40,2,4,,3166,130,4
637,1,1,0,54,2,4,,3166,130,4
679,1,1,0,53,2,4,,3166,135,2
738,1,1,0,50,2,4,,3166,130,4
824,1,1,0,41,2,4,,3166,130,4
871,1,1,0,39,2,4,,3166,135,2
995,0,0,31,47,2,4,,3166,130,2
1083,0,0,59,38,2,4,,3166,130,3
1161,1,1,0,51,2,4,,3166,130,4
1162,0,0,41,46,2,4,,3166,135,2
1189,1,1,0,51,2,4,,3166,130,3
1760,1,1,0,54,2,4,,3166,130,2
1898,1,1,0,46,2,4,,3166,130,3
2585,1,1,0,40,2,3,,3175,120,2
51,0,0,72,39,2,6,,3177,165,4
361,1,1,0,43,2,6,,3177,165,4
737,1,1,0,53,2,6,,3177,165,4
761,1,1,0,45,2,6,,3177,165,4
990,1,1,0,53,2,6,,3177,165,4
772,1,1,0,57,2,6,,3188,170,3
1530,1,1,0,49,2,6,,3188,155,3
1658,1,1,0,49,2,6,,3188,170,3
1279,1,1,0,56,4,2,,3211,120,4
61,1,1,0,46,4,2,,3246,135,4
81,1,1,0,44,4,2,,3246,135,2
111,1,1,0,55,4,2,,3246,140,3
152,1,1,0,56,4,2,,3246,140,3
261,1,1,0,42,4,2,,3246,140,2
359,1,1,0,53,4,2,,3246,135,2
396,1,1,0,56,4,2,,3246,135,4
421,1,1,0,58,4,2,,3246,140,3
427,1,1,0,49,4,2,,3246,140,3
428,1,1,0,51,4,2,,3246,140,2
469,1,1,0,55,4,2,,3246,135,2
470,1,1,0,42,4,2,,3246,140,3
545,1,1,0,56,4,2,,3246,140,3
548,1,1,0,52,4,2,,3246,140,3
589,1,1,0,50,4,2,,3246,135,4
618,0,0,16,57,4,2,,3246,135,2
625,1,1,0,39,4,2,,3246,140,2
645,1,1,0,56,4,2,,3246,140,3
703,1,1,0,49,4,2,,3246,140,3
869,1,1,0,55,4,2,,3246,140,3
875,0,1,21,56,4,2,,3246,140,2
985,1,1,0,56,4,2,,3246,135,2
986,0,0,74,45,4,2,,3246,140,2
1030,1,1,0,44,4,2,,3246,135,2
1049,1,1,0,45,4,2,,3246,135,2
1053,1,1,0,59,4,2,,3246,140,3
1143,1,1,0,60,4,2,,3246,140,2
1216,1,1,0,48,4,2,,3246,140,2
1242,1,1,0,57,4,2,,3246,140,3
1384,1,1,0,58,4,2,,3246,135,4
2161,1,1,0,39,4,2,,3246,135,4
2790,1,1,0,34,2,1,,3280,95,2
891,1,1,0,47,6,2,,3376,170,1
1248,1,1,0,46,6,2,,3376,170,1
1319,1,1,0,41,6,2,,3376,170,1
1345,1,1,0,45,6,2,,3376,170,3
2001,1,1,0,47,6,2,,3376,170,1
2113,1,1,0,44,6,2,,3376,170,3
757,1,1,0,57,4,2,,3378,130,4
2078,1,1,0,54,4,2,,3378,130,4
941,1,1,0,47,6,2,,3380,170,1
1704,1,1,0,46,6,2,,3380,170,3
1735,1,1,0,48,6,2,,3380,170,1
1750,1,1,0,51,6,2,3,3380,170,4
2283,1,1,0,69,6,2,2,3380,170,4
459,1,1,0,48,6,2,,3381,165,2
648,1,1,0,57,6,2,,3381,165,2
733,1,1,0,59,6,2,,3381,165,2
745,1,1,0,46,6,2,,3381,170,3
1394,1,1,0,42,6,2,,3381,190,1
1395,1,1,0,42,6,2,,3381,175,2
1438,1,1,0,36,6,2,,3381,170,1
1570,1,1,0,33,6,2,,3381,170,2
1587,1,1,0,42,6,2,,3381,190,1
1603,1,1,0,36,6,2,,3381,175,2
1795,1,1,0,33,6,2,,3381,180,4
1808,1,1,0,43,6,2,,3381,185,4
1854,1,1,0,39,6,2,,3381,190,1
1974,1,1,0,38,6,2,,3381,185,4
2152,1,1,0,36,6,2,,3381,170,2
2247,1,1,0,33,6,2,,3381,180,2
2346,1,1,0,43,6,2,,3381,165,2
2413,1,1,0,33,6,2,,3381,190,1
2446,1,1,0,40,6,2,,3381,185,4
2447,1,1,0,39,6,2,,3381,175,2
2462,1,1,0,40,6,2,,3381,175,1
2505,1,1,0,34,6,2,,3381,185,4
2558,1,1,0,37,6,2,,3381,190,2
2573,1,1,0,38,6,2,,3381,170,1
2707,1,1,0,38,6,2,,3381,180,2
2745,1,1,0,36,6,2,,3381,180,2
2813,1,1,0,41,6,2,,3381,180,2
2836,1,1,0,42,6,2,,3381,185,4
2877,1,1,0,33,6,2,,3381,190,2
1265,1,1,0,45,2,6,,3436,150,1
2437,1,1,0,35,2,1,,3490,95,2
44,0,0,74,58,6,2,,3512,175,4
145,1,1,0,51,6,2,,3512,175,4
370,1,1,0,50,6,2,,3512,155,2
391,1,1,0,49,6,2,,3512,175,4
392,1,1,0,39,6,2,,3512,175,4
611,1,1,0,45,6,2,,3512,155,2
765,1,1,0,48,6,2,,3512,175,4
1079,0,0,70,44,6,2,,3512,165,3
1210,1,1,0,39,6,2,,3512,155,2
1471,1,1,0,44,6,2,,3512,175,4
2098,1,1,0,51,6,2,,3512,155,2
1421,0,0,47,41,4,2,,3570,135,3
2158,1,1,0,37,4,2,,3570,135,4
2481,1,1,0,42,4,2,,3570,130,4
2264,1,1,0,48,2,6,,3576,160,2
1747,1,1,0,47,2,1,,3690,95,2
2325,1,1,0,46,2,1,,3690,105,5
87,1,1,0,42,2,6,,3707,165,4
202,1,1,0,59,2,6,,3707,165,4
533,0,0,75,48,2,6,,3707,160,2
647,1,1,0,53,2,6,,3707,165,4
43,1,1,0,58,2,4,,3721,130,2
281,1,1,0,44,6,2,,3723,165,2
839,1,1,0,58,6,2,,3723,170,3
887,1,1,0,49,6,2,,3723,165,2
1071,1,1,0,53,6,2,,3723,170,3
2080,1,1,0,48,6,2,,3723,170,3
2190,1,1,0,53,6,2,,3723,170,3
117,1,1,0,38,4,2,4,3733,135,4
660,1,1,0,38,6,2,,3734,165,3
661,1,1,0,55,6,2,,3734,165,3
968,1,1,0,41,6,2,,3734,155,2
1044,1,1,0,40,6,2,,3734,155,2
1380,1,1,0,58,6,2,,3734,165,3
1493,1,1,0,42,6,2,,3734,165,3
401,0,0,65,42,4,2,,3736,135,4
2182,1,1,0,56,4,2,,3800,135,4
1109,1,1,0,44,2,6,,3832,150,3
1124,1,1,0,41,2,6,,3832,150,3
1518,1,1,0,47,2,6,,3832,150,3
2199,1,1,0,47,2,6,,3832,150,3
2619,1,1,0,35,3,2,,3835,115,3
1557,1,1,0,34,2,6,,3864,145,4
1630,1,1,0,37,2,6,,3864,155,2
2013,1,1,0,43,2,6,,3864,160,2
2347,1,1,0,33,2,6,,3864,155,2
2728,1,1,0,42,2,6,,3864,160,3
2818,1,1,0,33,2,6,,3864,160,2
2876,1,1,0,36,2,6,,3864,140,3
1331,1,1,0,44,2,6,,3867,150,3
2767,1,1,0,41,2,3,,3896,120,2
810,0,0,54,46,6,2,,3926,170,3
1118,0,0,86,39,6,2,,3926,170,3
1896,1,1,0,41,6,2,,3926,170,3
2361,1,1,0,47,6,2,,3926,170,3
1020,1,1,0,46,6,2,,3930,170,3
1986,1,1,0,39,6,2,,3930,170,3
1089,1,1,0,45,2,6,,3934,150,3
1099,1,1,0,46,2,6,,3934,150,3
2316,1,1,0,44,2,6,,3934,150,3
2814,1,1,0,34,2,5,,4023,80,3
1292,1,1,0,38,6,2,,4122,165,3
1330,1,1,0,48,6,2,,4122,165,3
749,1,1,0,58,4,2,,4156,130,4
600,1,1,0,40,2,6,,4213,160,2
1705,1,1,0,46,2,6,,4213,160,2
385,1,1,0,39,6,2,,4253,165,2
409,1,1,0,60,6,2,,4253,170,3
1266,0,0,56,51,6,2,,4253,170,3
1912,1,1,0,56,6,2,,4253,165,2
512,1,1,0,59,2,5,,4263,80,4
859,1,1,0,52,2,5,,4263,80,4
1018,1,1,0,60,2,5,,4263,80,4
1123,1,1,0,43,2,5,,4263,80,4
1420,1,1,0,33,2,5,,4263,85,3
1442,1,1,0,37,2,5,,4263,80,3
1555,1,1,0,34,2,5,,4263,100,2
1635,1,1,0,42,2,5,,4263,80,3
1728,1,1,0,40,2,5,,4263,80,2
1749,1,1,0,43,2,5,,4263,80,4
1769,1,1,0,43,2,5,,4263,90,4
1771,1,1,0,34,2,5,,4263,80,3
1788,1,1,0,39,2,5,,4263,90,4
1789,1,1,0,43,2,5,,4263,80,2
1829,1,1,0,39,2,5,,4263,80,3
1983,1,1,0,43,2,5,,4263,90,4
2037,1,1,0,35,2,5,,4263,80,3
2047,1,1,0,43,2,5,,4263,100,2
2058,1,1,0,43,2,5,,4263,80,2
2187,1,1,0,34,2,5,,4263,80,2
2188,1,1,0,42,2,5,,4263,80,2
2196,1,1,0,41,2,5,,4263,80,2
2225,1,1,0,42,2,5,,4263,85,3
2228,1,1,0,35,2,5,,4263,85,3
2373,1,1,0,39,2,5,,4263,80,4
2441,1,1,0,42,2,5,,4263,80,3
2512,1,1,0,37,2,5,,4263,80,2
2527,1,1,0,42,2,5,,4263,80,3
2529,1,1,0,33,2,5,,4263,90,4
2537,1,1,0,35,2,5,,4263,80,3
2667,1,1,0,37,2,5,,4263,80,3
2673,1,1,0,38,2,5,,4263,90,4
2681,1,1,0,36,2,5,,4263,80,4
2688,1,1,0,37,2,5,,4263,85,3
2705,1,1,0,40,2,5,,4263,85,3
2743,1,1,0,38,2,5,,4263,80,3
2771,1,1,0,38,2,5,,4263,80,3
2779,0,0,38,33,2,5,,4263,80,3
2852,1,1,0,41,2,5,,4263,80,2
2874,1,1,0,35,2,5,,4263,80,4
2902,1,1,0,38,2,5,,4263,80,4
2591,1,1,0,43,6,2,,4358,170,2
1821,1,1,0,37,2,5,,4421,80,2
2439,1,1,0,40,2,5,,4421,80,2
573,0,1,38,53,5,2,,4453,100,5
815,1,1,0,48,5,2,,4453,100,5
917,1,1,0,43,5,2,,4453,100,5
1173,1,1,0,56,5,2,,4453,100,5
1246,1,1,0,56,5,2,,4453,100,5
1300,1,1,0,45,5,2,,4453,100,5
1353,1,1,0,34,5,2,,4453,90,3
1354,1,1,0,36,5,2,,4453,90,2
1408,1,1,0,34,5,2,,4453,90,4
1443,0,0,256,41,5,2,,4453,95,3
1527,0,1,16,38,5,2,,4453,80,1
1540,1,1,0,38,5,2,,4453,90,2
1541,1,1,0,36,5,2,,4453,95,2
1556,1,1,0,40,5,2,,4453,100,4
1583,1,1,0,34,5,2,,4453,90,4
1584,1,1,0,42,5,2,,4453,90,3
1636,1,1,0,42,5,2,,4453,95,2
1768,1,1,0,36,5,2,,4453,95,3
1770,1,1,0,38,5,2,,4453,90,3
1836,1,1,0,40,5,2,,4453,100,4
1936,1,1,0,36,5,2,,4453,90,2
2020,1,1,0,41,5,2,,4453,95,3
2140,1,1,0,42,5,2,,4453,90,2
2235,1,1,0,34,5,2,,4453,100,4
2236,1,1,0,43,5,2,,4453,95,2
2237,1,1,0,34,5,2,,4453,90,4
2327,1,1,0,34,5,2,,4453,95,3
2374,1,1,0,42,5,2,,4453,95,3
2440,1,1,0,42,5,2,,4453,95,3
2520,1,1,0,36,5,2,,4453,90,4
2538,1,1,0,41,5,2,,4453,90,2
2544,1,1,0,41,5,2,,4453,90,4
2555,1,1,0,41,5,2,,4453,90,3
2556,1,1,0,42,5,2,,4453,95,2
2578,1,1,0,33,5,2,,4453,100,4
2615,1,1,0,34,5,2,,4453,95,3
2616,1,1,0,37,5,2,,4453,90,3
2687,1,1,0,42,5,2,,4453,100,4
2793,0,0,15,35,5,2,,4453,90,2
2817,1,1,0,37,5,2,,4453,90,4
2853,1,1,0,41,5,2,,4453,95,2
89,1,1,0,50,2,5,,4475,90,2
222,1,1,0,52,2,5,,4475,95,4
232,1,1,0,51,2,5,,4475,95,4
325,1,1,0,50,2,5,,4475,90,2
337,1,1,0,49,2,5,,4475,90,2
467,1,1,0,39,2,5,,4475,90,2
489,1,1,0,48,2,5,,4475,90,2
524,0,0,92,48,2,5,,4475,90,2
753,1,1,0,54,2,5,,4475,90,2
754,1,1,0,49,2,5,,4475,95,4
764,1,1,0,50,2,5,,4475,90,2
853,1,1,0,59,2,5,,4475,90,2
863,0,0,35,56,2,5,,4475,90,2
929,1,1,0,57,2,5,,4475,95,4
1457,1,1,0,55,2,5,,4475,90,2
1790,1,1,0,50,2,5,,4475,90,2
2103,1,1,0,45,2,5,,4475,95,4
786,1,1,0,60,2,6,5,4500,165,4
890,0,0,62,62,2,6,2,4500,165,4
1458,1,1,0,86,2,6,2,4500,160,2
495,1,1,0,52,2,5,,4530,90,2
1820,1,1,0,33,2,5,,4578,80,2
2458,1,1,0,37,2,5,,4578,80,2
2674,1,1,0,41,5,2,,4611,100,4
1333,1,1,0,45,2,4,,4627,135,2
2349,1,1,0,35,2,3,,4631,110,4
40,1,1,0,56,2,1,3,4639,115,4
75,0,0,60,60,2,1,3,4639,115,4
167,1,1,0,54,2,1,3,4639,115,4
179,1,1,0,40,2,1,3,4639,115,4
454,1,1,0,41,2,1,3,4639,115,4
493,1,1,0,40,2,1,3,4639,115,4
927,1,1,0,46,2,1,3,4639,115,4
1078,1,1,0,50,2,1,3,4639,115,4
1263,1,1,0,38,2,1,2,4639,115,4
1526,1,1,0,50,2,1,3,4639,115,4
56,0,0,47,39,5,2,,4665,95,3
212,1,1,0,51,5,2,,4665,90,2
267,0,1,64,38,5,2,,4665,85,4
549,1,1,0,57,5,2,,4665,85,4
580,1,1,0,60,5,2,,4665,85,4
668,1,1,0,40,5,2,,4665,90,2
704,1,1,0,52,5,2,,4665,85,4
1036,1,1,0,46,5,2,,4665,95,3
1177,1,1,0,51,5,2,,4665,85,4
1186,1,1,0,43,5,2,,4665,85,4
1307,1,1,0,50,5,2,,4665,95,3
1499,1,1,0,40,5,2,,4665,90,2
2083,1,1,0,52,5,2,,4665,90,2
2097,1,1,0,45,5,2,,4665,95,3
133,1,1,0,47,6,2,,4693,155,2
565,1,1,0,43,6,2,,4693,155,2
1141,1,1,0,45,6,2,,4693,175,4
219,0,0,22,53,1,2,4,4700,110,5
235,1,1,0,56,1,2,4,4700,100,1
342,1,1,0,50,1,2,4,4700,110,5
411,1,1,0,50,1,2,4,4700,110,5
516,1,1,0,59,1,2,4,4700,100,1
687,1,1,0,46,1,2,4,4700,110,5
945,1,1,0,49,1,2,4,4700,110,5
966,1,1,0,38,1,2,3,4700,100,1
1281,0,0,40,45,1,2,3,4700,110,5
1599,1,1,0,49,1,2,3,4700,110,5
1884,1,1,0,47,1,2,4,4700,100,1
241,1,1,0,45,6,2,1,4703,165,2
1335,1,1,0,55,5,2,,4720,95,3
410,1,1,0,51,2,6,,4724,155,3
416,1,1,0,49,2,6,,4724,160,2
630,1,1,0,48,2,6,,4724,170,3
657,1,1,0,45,2,6,,4724,155,3
1861,0,0,41,38,2,5,,4736,80,2
2599,1,1,0,43,2,5,,4736,80,2
2792,1,1,0,43,5,2,,4768,90,2
2012,1,1,0,43,2,6,,4893,155,2
2212,1,1,0,35,2,6,,4893,140,3
2783,1,1,0,39,2,6,,4893,160,2
2719,1,1,0,42,5,2,,4926,90,3
1120,1,1,0,44,2,1,,4965,100,4
1311,1,1,0,42,2,1,,4965,105,4
1723,1,1,0,48,2,1,,4965,105,5
228,1,1,0,46,4,2,4,5000,130,1
393,1,1,0,59,4,2,4,5000,135,4
504,1,1,0,57,4,2,4,5000,135,4
1040,1,1,0,47,2,4,4,5000,125,5
1077,1,1,0,40,2,4,2,5000,125,5
1174,1,1,0,56,2,4,4,5000,130,5
1273,0,0,24,55,2,4,1,5000,130,5
2105,1,1,0,56,4,2,1,5000,130,1
2252,1,1,0,57,4,2,1,5000,130,1
831,1,1,0,42,2,1,,5011,95,3
911,1,1,0,45,2,1,,5011,105,5
915,1,1,0,48,2,1,,5011,95,3
987,1,1,0,41,2,1,,5011,105,4
1133,1,1,0,45,2,1,,5011,95,2
1217,1,1,0,39,2,1,,5011,105,4
1334,1,1,0,40,2,1,,5011,100,4
1378,1,1,0,48,2,1,,5011,100,3
1509,1,1,0,42,2,1,,5011,105,5
1581,1,1,0,45,2,1,,5011,100,3
1694,1,1,0,38,2,1,,5011,95,2
1722,1,1,0,47,2,1,,5011,95,3
1892,0,0,79,48,2,1,,5011,100,4
1920,1,1,0,40,2,1,,5011,100,4
1950,1,1,0,46,2,1,,5011,100,3
2281,1,1,0,44,2,1,,5011,95,2
2289,1,1,0,46,2,1,,5011,105,4
2308,1,1,0,48,2,1,,5011,105,5
569,1,1,0,83,6,2,1,5017,165,2
2801,1,1,0,34,5,2,,5031,95,3
2833,1,1,0,42,5,2,,5031,95,3
1007,1,1,0,41,1,2,,5039,100,4
1252,1,1,0,42,1,2,,5039,100,2
1318,1,1,0,44,1,2,,5039,95,1
1817,1,1,0,48,1,2,,5039,100,2
2183,1,1,0,44,1,2,,5039,110,4
2339,1,1,0,40,1,2,,5039,115,5
1218,1,1,0,40,2,1,,5056,95,3
1506,1,1,0,48,2,1,,5056,105,4
1679,1,1,0,39,2,1,,5056,100,4
1692,0,1,100,45,2,1,,5056,105,5
2102,1,1,0,44,2,1,,5056,95,2
2336,1,1,0,46,2,1,,5056,100,3
780,1,1,0,45,1,2,,5085,100,2
899,1,1,0,44,1,2,,5085,115,5
912,1,1,0,48,1,2,,5085,115,5
937,1,1,0,43,1,2,,5085,95,1
1024,1,1,0,45,1,2,,5085,100,2
1147,1,1,0,43,1,2,,5085,110,4
1190,1,1,0,46,1,2,,5085,100,4
1194,1,1,0,42,1,2,,5085,100,4
1514,1,1,0,42,1,2,,5085,115,5
1980,1,1,0,44,1,2,,5085,110,4
2134,1,1,0,46,1,2,,5085,110,4
2309,1,1,0,40,1,2,,5085,100,4
779,1,1,0,42,2,1,,5102,105,5
807,1,1,0,47,2,1,,5102,100,4
1193,1,1,0,47,2,1,,5102,95,2
1251,1,1,0,42,2,1,,5102,95,3
1948,1,1,0,44,2,1,,5102,100,3
1949,1,1,0,38,2,1,,5102,105,4
2195,0,0,245,40,2,1,,5102,95,2
2322,1,1,0,43,2,1,,5102,100,3
2354,1,1,0,48,2,1,,5102,95,3
400,1,1,0,59,2,1,,5103,100,2
487,1,1,0,41,2,1,,5103,100,2
882,1,1,0,57,2,1,,5103,100,2
1031,1,1,0,59,2,1,,5103,100,2
1061,1,1,0,41,2,1,,5103,105,3
1184,1,1,0,43,2,1,,5103,105,3
1233,1,1,0,59,2,1,,5103,100,2
1626,1,1,0,39,2,1,,5103,95,2
1746,0,0,56,34,2,1,,5103,105,3
1828,1,1,0,42,2,1,,5103,105,3
1858,1,1,0,43,2,1,,5103,110,2
1872,1,1,0,60,2,1,,5103,105,3
1878,0,0,95,59,2,1,,5103,105,3
1932,1,1,0,42,2,1,,5103,105,4
1964,1,1,0,48,2,1,,5103,100,2
1965,1,1,0,42,2,1,,5103,110,2
1982,1,1,0,38,2,1,,5103,110,2
1993,1,1,0,41,2,1,,5103,105,3
1994,1,1,0,40,2,1,,5103,95,2
2135,1,1,0,35,2,1,,5103,105,4
2147,1,1,0,36,2,1,,5103,100,2
2173,1,1,0,43,2,1,,5103,95,2
2174,1,1,0,37,2,1,,5103,105,3
2227,1,1,0,43,2,1,,5103,110,2
2389,1,1,0,34,2,1,,5103,110,2
2404,1,1,0,38,2,1,,5103,100,2
2424,1,1,0,42,2,1,,5103,105,4
2435,1,1,0,36,2,1,,5103,105,3
2436,1,1,0,37,2,1,,5103,95,2
2500,0,0,39,38,2,1,,5103,105,3
2517,1,1,0,35,2,1,,5103,100,2
2536,1,1,0,39,2,1,,5103,100,2
2576,1,1,0,34,2,1,,5103,95,2
2611,1,1,0,40,2,1,,5103,105,3
2620,1,1,0,43,2,1,,5103,105,4
2630,1,1,0,33,2,1,,5103,105,3
2636,1,1,0,33,2,1,,5103,95,2
2694,1,1,0,34,2,1,,5103,105,4
2742,1,1,0,35,2,1,,5103,105,4
2797,1,1,0,36,2,1,,5103,105,3
2809,1,1,0,41,2,1,,5103,110,2
2816,1,1,0,41,2,1,,5103,110,2
184,1,1,0,41,2,1,3,5104,100,3
433,1,1,0,57,2,1,3,5104,100,3
583,1,1,0,39,2,1,3,5104,100,3
684,1,1,0,52,2,1,3,5104,100,3
806,1,1,0,58,2,1,3,5104,100,3
1185,1,1,0,39,2,1,3,5104,100,3
1654,1,1,0,49,2,1,3,5104,100,3
1025,1,1,0,41,1,2,,5131,110,4
1035,1,1,0,41,1,2,,5131,100,2
1116,1,1,0,47,1,2,,5131,100,2
1191,1,1,0,46,1,2,,5131,100,4
1370,1,1,0,44,1,2,,5131,95,1
2314,1,1,0,40,1,2,,5131,115,5
2565,1,1,0,38,5,2,,5136,95,3
2752,1,1,0,38,5,2,,5136,95,3
24,1,1,0,84,1,2,3,5177,80,1
646,1,1,0,75,1,2,3,5177,80,1
926,0,0,35,38,1,2,,5177,110,4
936,1,1,0,46,1,2,,5177,100,2
1054,1,1,0,67,1,2,4,5177,80,1
1102,1,1,0,45,1,2,,5177,115,5
1153,1,1,0,41,1,2,,5177,100,4
1312,0,0,54,80,1,2,4,5177,80,1
1329,1,1,0,39,1,2,,5177,95,1
1702,1,1,0,48,1,2,,5177,100,2
1711,1,1,0,38,1,2,4,5177,80,1
1765,1,1,0,43,1,2,,5177,100,4
1967,1,1,0,50,1,2,4,5177,80,1
1981,1,1,0,38,1,2,,5177,100,2
2094,1,1,0,79,1,2,4,5177,80,1
2110,1,1,0,40,1,2,,5177,100,2
2288,1,1,0,41,1,2,,5177,115,5
2337,1,1,0,44,1,2,,5177,110,4
2338,1,1,0,38,1,2,,5177,95,1
2019,1,1,0,35,1,2,,5178,120,4
2335,1,1,0,41,1,2,,5178,110,2
2466,1,1,0,43,1,2,,5178,110,4
2612,0,0,98,36,1,2,,5178,110,4
2621,1,1,0,33,1,2,,5178,120,4
2647,1,1,0,39,1,2,,5178,120,4
2666,1,1,0,38,1,2,,5178,120,4
2671,1,1,0,43,1,2,,5178,110,4
2726,1,1,0,33,1,2,,5178,110,2
2741,1,1,0,38,1,2,,5178,120,4
2763,1,1,0,34,1,2,,5178,110,2
2823,1,1,0,42,1,2,,5178,120,4
2831,1,1,0,38,1,2,,5178,110,4
2879,1,1,0,35,1,2,,5178,105,3
14,1,1,0,49,1,2,6,5179,105,4
28,1,1,0,58,1,2,,5179,110,2
33,1,1,0,42,1,2,6,5179,105,4
69,1,1,0,40,1,2,6,5179,105,4
120,0,1,31,57,1,2,,5179,110,2
208,1,1,0,51,1,2,6,5179,105,4
255,1,1,0,38,1,2,6,5179,105,4
357,1,1,0,49,1,2,4,5179,105,4
365,1,1,0,44,1,2,4,5179,105,4
376,1,1,0,38,1,2,,5179,115,4
510,1,1,0,52,1,2,,5179,115,4
751,1,1,0,57,1,2,,5179,110,2
762,1,1,0,49,1,2,,5179,115,4
1090,1,1,0,49,6,2,,5179,170,3
1244,1,1,0,59,1,2,,5179,110,2
1552,1,1,0,49,1,2,,5179,115,4
1430,1,1,0,37,1,2,,5283,120,4
2162,1,1,0,43,1,2,,5283,120,4
2208,1,1,0,43,1,2,,5283,110,4
1834,0,0,82,34,2,1,,5313,105,4
2000,1,1,0,33,6,2,,5334,190,2
2039,1,1,0,42,6,2,,5334,170,3
2329,1,1,0,35,6,2,,5334,170,3
2442,1,1,0,40,6,2,,5334,170,2
2486,1,1,0,41,6,2,,5334,180,3
2744,1,1,0,34,6,2,,5334,175,2
2753,1,1,0,39,6,2,,5334,170,3
54,1,1,0,58,2,1,,5362,105,4
63,1,1,0,40,2,1,,5362,110,2
150,1,1,0,54,2,1,,5362,105,4
191,0,1,87,47,2,1,,5362,110,4
209,1,1,0,48,2,1,,5362,100,2
229,1,1,0,58,2,1,,5362,110,4
230,1,1,0,46,2,1,,5362,110,2
283,1,1,0,40,2,1,,5362,105,3
286,1,1,0,44,2,1,,5362,105,3
312,1,1,0,41,2,1,,5362,110,2
336,1,1,0,48,2,1,,5362,105,4
422,1,1,0,55,2,1,,5362,105,4
453,1,1,0,54,2,1,,5362,110,4
458,1,1,0,45,2,1,,5362,110,2
497,1,1,0,57,2,1,,5362,110,2
508,1,1,0,44,2,1,,5362,105,3
539,1,1,0,40,2,1,,5362,110,2
602,1,1,0,38,2,1,,5362,105,3
640,1,1,0,46,2,1,,5362,105,3
655,1,1,0,40,2,1,,5362,105,4
671,1,1,0,40,2,1,,5362,105,3
693,1,1,0,45,2,1,,5362,110,2
709,1,1,0,44,2,1,,5362,100,2
826,1,1,0,48,2,1,,5362,105,3
832,1,1,0,57,2,1,,5362,100,2
843,1,1,0,38,2,1,,5362,110,4
952,1,1,0,39,2,1,,5362,100,2
962,1,1,0,44,2,1,,5362,105,4
977,1,1,0,38,2,1,,5362,110,2
1074,1,1,0,46,2,1,,5362,100,2
1115,1,1,0,57,2,1,,5362,100,2
1154,1,1,0,44,2,1,,5362,105,3
1179,1,1,0,60,2,1,,5362,110,4
1195,1,1,0,55,2,1,,5362,110,2
1297,0,0,67,42,2,1,,5362,105,3
1505,1,1,0,39,2,1,,5362,105,3
1580,1,1,0,56,2,1,,5362,100,2
1651,1,1,0,45,2,1,,5362,110,2
1685,1,1,0,44,2,1,,5362,110,2
2066,1,1,0,54,2,1,,5362,110,2
2492,1,1,0,39,2,6,,5418,160,3
1,1,1,0,44,1,2,#ERROR!,5438,105,4
39,1,1,0,60,1,2,,5438,105,4
77,1,1,0,53,1,2,,5438,115,4
112,0,0,40,54,1,2,,5438,115,4
121,1,1,0,41,1,2,,5438,105,4
124,1,1,0,48,1,2,,5438,105,4
160,1,1,0,41,1,2,,5438,115,4
166,1,1,0,48,1,2,,5438,110,4
196,1,1,0,58,1,2,,5438,95,2
223,1,1,0,41,1,2,,5438,105,4
349,1,1,0,49,1,2,,5438,115,4
429,1,1,0,41,1,2,,5438,105,4
465,1,1,0,57,1,2,,5438,105,4
505,1,1,0,55,1,2,,5438,95,2
619,1,1,0,39,1,2,,5438,105,4
672,1,1,0,40,1,2,,5438,110,4
858,1,1,0,42,1,2,,5438,110,4
861,1,1,0,45,1,2,,5438,105,4
862,0,0,25,54,1,2,,5438,105,2
877,1,1,0,46,1,2,,5438,110,4
885,0,1,29,42,1,2,,5438,115,4
938,1,1,0,48,1,2,,5438,95,2
949,1,1,0,55,1,2,,5438,105,4
1088,1,1,0,40,1,2,,5438,115,2
1132,1,1,0,52,1,2,,5438,110,4
1138,1,1,0,60,1,2,,5438,115,2
1155,1,1,0,56,1,2,,5438,110,4
1168,1,1,0,49,1,2,,5438,95,2
1275,1,1,0,58,1,2,,5438,110,4
1451,0,1,64,40,1,2,,5438,95,2
1642,1,1,0,58,1,2,,5438,105,2
1693,1,1,0,39,1,2,,5438,105,2
1786,1,1,0,58,1,2,,5438,105,4
1802,1,1,0,38,1,2,,5438,115,2
2074,1,1,0,60,1,2,,5438,115,4
2082,1,1,0,59,1,2,,5438,115,4
2323,1,1,0,52,1,2,,5438,105,4
2656,1,1,0,43,2,1,,5471,105,4
2832,1,1,0,36,2,1,,5471,105,3
1893,1,1,0,48,2,1,,5473,105,3
271,1,1,0,50,1,2,,5494,115,4
1403,1,1,0,36,1,2,,5546,110,4
1567,1,1,0,36,1,2,,5546,105,3
2756,1,1,0,33,1,2,,5546,110,3
2880,1,1,0,34,1,2,,5546,105,3
1489,1,1,0,42,1,2,,5549,115,2
2033,1,1,0,40,2,3,,5681,120,2
1568,1,1,0,40,1,2,,5703,120,4
2136,1,1,0,33,1,2,,5703,120,4
1249,1,1,0,42,3,2,,5717,115,3
1512,1,1,0,39,3,2,,5717,115,3
1776,0,0,72,48,3,2,,5717,110,1
1955,1,1,0,47,3,2,,5717,110,1
1973,1,1,0,37,6,2,,5754,180,4
2330,1,1,0,38,6,2,,5754,180,3
2734,1,1,0,35,6,2,,5754,180,3
2896,1,1,0,40,6,2,,5754,180,4
792,1,1,0,39,2,3,,5779,125,4
812,1,1,0,45,2,4,,5779,130,5
892,0,0,92,47,2,4,,5779,135,4
919,1,1,0,41,2,4,,5779,130,2
930,1,1,0,46,2,3,,5779,110,1
1001,1,1,0,44,2,3,,5779,110,1
1039,1,1,0,46,2,3,,5779,110,1
1212,1,1,0,47,2,4,,5779,135,3
1225,1,1,0,46,2,4,,5779,135,2
1226,1,1,0,47,2,4,,5779,125,3
1534,1,1,0,39,2,4,,5779,130,4
1547,1,1,0,39,2,4,,5779,130,4
1591,1,1,0,48,2,4,,5779,135,5
1737,0,0,19,39,2,4,,5779,125,3
1897,1,1,0,44,2,4,,5779,125,3
1907,1,1,0,41,2,4,,5779,130,2
2128,1,1,0,44,2,4,,5779,135,3
847,1,1,0,46,4,2,,5793,135,3
914,1,1,0,46,4,2,,5793,125,3
1301,1,1,0,39,4,2,,5793,130,2
1686,1,1,0,42,4,2,,5793,130,2
1698,1,1,0,45,4,2,,5793,140,2
1797,1,1,0,41,4,2,,5793,135,1
2115,0,0,15,45,4,2,,5793,135,3
800,1,1,0,47,2,3,,5835,125,4
848,1,1,0,47,2,4,,5835,135,2
1113,1,1,0,41,2,4,,5835,135,3
1238,1,1,0,48,2,4,,5835,125,3
1255,1,1,0,42,2,4,,5835,125,3
1321,1,1,0,39,2,4,,5835,135,3
1485,1,1,0,40,2,4,,5835,130,2
1700,0,0,97,41,2,4,,5835,130,2
2014,1,1,0,38,2,3,,5835,110,1
2638,1,1,0,41,2,1,,5838,95,2
925,1,1,0,47,4,2,,5846,125,3
994,1,1,0,42,4,2,,5846,125,3
1093,1,1,0,41,4,2,,5846,130,2
1199,0,0,25,40,4,2,,5846,130,2
1229,1,1,0,41,4,2,,5846,130,5
1382,1,1,0,43,4,2,,5846,125,3
1383,1,1,0,43,4,2,,5846,135,3
1486,0,0,93,47,4,2,,5846,135,3
1683,1,1,0,48,4,2,,5846,135,4
2121,1,1,0,42,4,2,,5846,135,1
2286,1,1,0,44,4,2,,5846,135,4
2296,1,1,0,40,4,2,,5846,140,2
2382,1,1,0,45,4,2,,5846,135,3
146,0,0,50,48,3,2,5,5881,120,4
151,1,1,0,76,3,2,1,5881,120,4
377,1,1,0,57,3,2,1,5881,115,2
386,1,1,0,56,3,2,5,5881,120,4
430,1,1,0,45,3,2,1,5881,120,4
768,1,1,0,54,3,2,1,5881,120,4
818,1,1,0,38,3,2,,5881,110,1
1069,1,1,0,64,3,2,1,5881,120,4
1459,1,1,0,50,3,2,1,5881,120,4
1713,1,1,0,48,3,2,,5881,115,3
1751,1,1,0,61,3,2,1,5881,115,2
1868,1,1,0,63,3,2,5,5881,115,2
2317,1,1,0,52,3,2,1,5881,115,2
1572,1,1,0,43,3,2,,5882,120,4
2794,1,1,0,36,3,2,,5882,125,5
2855,1,1,0,34,3,2,,5882,125,5
2906,1,1,0,33,3,2,,5882,125,5
65,1,1,0,52,3,2,,5883,105,2
238,1,1,0,40,3,2,,5883,105,2
1009,0,0,91,49,3,2,,5883,105,2
1276,1,1,0,49,3,2,,5883,130,3
1467,1,1,0,41,3,2,,5883,130,3
822,1,1,0,44,2,4,,5888,135,5
902,1,1,0,45,2,4,,5888,130,5
980,1,1,0,42,2,4,,5888,130,4
992,1,1,0,41,2,4,,5888,130,4
1309,1,1,0,46,2,4,,5888,135,4
1905,1,1,0,43,2,4,,5888,125,3
1960,1,1,0,47,2,4,,5888,125,3
2125,1,1,0,46,2,4,,5888,130,5
2318,1,1,0,47,2,4,,5888,130,4
2364,1,1,0,39,2,4,,5888,135,4
2377,1,1,0,41,2,4,,5888,135,5
793,1,1,0,44,4,2,,5900,140,2
811,1,1,0,38,4,2,,5900,135,3
828,1,1,0,44,4,2,,5900,125,3
829,1,1,0,41,4,2,,5900,140,4
978,1,1,0,48,4,2,,5900,140,2
1027,1,1,0,43,4,2,,5900,125,3
1092,1,1,0,41,4,2,,5900,135,3
1100,1,1,0,46,4,2,,5900,135,3
1104,0,1,51,46,4,2,,5900,130,5
1302,1,1,0,43,4,2,,5900,130,2
1348,1,1,0,38,4,2,,5900,125,3
1398,1,1,0,39,4,2,,5900,135,4
1494,1,1,0,42,4,2,,5900,130,2
1496,1,1,0,40,4,2,,5900,125,3
1535,1,1,0,46,4,2,,5900,135,1
1682,1,1,0,40,4,2,,5900,135,3
1706,1,1,0,41,4,2,,5900,130,2
1717,1,1,0,42,4,2,,5900,135,4
1718,1,1,0,47,4,2,,5900,135,3
2306,0,1,58,43,4,2,,5900,135,1
2350,1,1,0,43,4,2,,5900,130,2
1598,0,0,79,36,1,2,,5913,120,4
340,1,1,0,73,2,3,3,5942,110,4
585,1,1,0,89,2,3,3,5942,120,2
615,1,1,0,56,2,3,3,5942,110,4
622,1,1,0,59,2,3,3,5942,110,4
676,1,1,0,59,2,3,4,5942,120,2
787,1,1,0,45,2,4,,5942,125,3
852,1,1,0,74,2,3,4,5942,120,2
894,1,1,0,41,2,3,,5942,110,1
903,1,1,0,46,2,4,,5942,135,3
907,1,1,0,38,2,4,,5942,135,2
1002,1,1,0,48,2,3,,5942,125,4
1072,1,1,0,87,2,3,4,5942,110,4
1111,1,1,0,45,2,3,4,5942,120,2
1129,1,1,0,48,2,4,,5942,125,3
1178,1,1,0,52,2,3,4,5942,120,2
1259,1,1,0,43,2,4,,5942,130,2
1268,1,1,0,46,2,3,4,5942,110,4
1294,1,1,0,87,2,3,4,5942,120,2
1484,1,1,0,41,2,4,,5942,135,2
1560,1,1,0,38,2,4,,5942,125,3
1561,1,1,0,38,2,4,,5942,135,4
1758,1,1,0,47,2,4,,5942,130,2
1799,1,1,0,45,2,4,,5942,130,5
1811,1,1,0,40,2,4,,5942,125,3
1918,1,1,0,43,2,4,,5942,135,3
1977,0,0,51,41,2,4,,5942,130,4
2073,1,1,0,74,2,3,4,5942,120,2
2100,1,1,0,43,2,4,,5942,125,3
2120,0,0,27,41,2,4,,5942,130,2
2156,1,1,0,45,2,4,,5942,130,2
2313,1,1,0,47,2,4,,5942,135,5
2398,1,1,0,47,2,4,,5942,135,3
2,1,1,0,59,2,3,,5943,120,1
11,1,1,0,38,2,4,,5943,135,3
71,1,1,0,44,2,4,,5943,135,4
80,1,1,0,42,2,4,,5943,135,2
99,1,1,0,57,2,4,,5943,135,4
113,1,1,0,57,2,4,,5943,135,3
147,1,1,0,39,2,4,,5943,135,4
173,1,1,0,54,2,4,,5943,135,3
203,1,1,0,54,2,4,,5943,130,2
260,1,1,0,58,2,4,,5943,130,2
419,0,0,32,51,2,4,,5943,135,4
435,1,1,0,60,2,3,,5943,120,1
474,1,1,0,50,2,4,,5943,135,2
477,1,1,0,46,2,4,,5943,135,4
491,1,1,0,52,2,4,,5943,135,2
540,0,0,87,57,2,4,,5943,145,4
678,1,1,0,54,2,4,,5943,130,2
801,1,1,0,51,2,3,,5943,120,1
833,1,1,0,58,2,4,,5943,135,2
873,1,1,0,54,2,4,,5943,135,3
953,1,1,0,45,2,4,,5943,145,4
1012,1,1,0,48,2,4,,5943,145,4
1045,1,1,0,55,2,4,,5943,135,4
1198,0,0,61,40,2,4,,5943,135,4
1269,1,1,0,41,2,4,,5943,145,4
1277,1,1,0,59,2,4,,5943,135,2
1337,1,1,0,48,2,3,,5943,120,1
1346,1,1,0,38,2,3,,5943,115,1
1349,1,1,0,35,2,4,,5943,125,2
1358,1,1,0,38,2,3,,5943,125,4
1396,1,1,0,33,2,3,,5943,110,4
1435,1,1,0,35,2,4,,5943,125,3
1440,1,1,0,41,2,4,,5943,130,2
1441,1,1,0,39,2,4,,5943,135,2
1473,1,1,0,58,2,4,,5943,135,4
1522,1,1,0,38,2,4,,5943,110,4
1575,0,1,94,34,2,4,,5943,125,2
1621,1,1,0,39,2,4,,5943,130,2
1622,1,1,0,42,2,4,,5943,135,2
1668,1,1,0,41,2,3,,5943,120,1
1736,1,1,0,40,2,4,,5943,125,4
1752,1,1,0,37,2,3,,5943,115,1
1759,1,1,0,47,2,4,,5943,135,4
1846,1,1,0,35,2,3,,5943,110,4
1849,1,1,0,43,2,4,,5943,125,4
1850,1,1,0,40,2,4,,5943,125,4
1888,0,0,21,58,2,4,,5943,135,2
1889,1,1,0,56,2,4,,5943,135,3
1926,1,1,0,34,2,4,,5943,130,3
1939,1,1,0,43,2,3,,5943,110,3
2015,1,1,0,37,2,4,,5943,125,3
2016,1,1,0,36,2,4,,5943,110,4
2017,1,1,0,33,2,4,,5943,125,3
2071,1,1,0,58,2,4,,5943,145,4
2207,0,0,80,36,2,4,,5943,135,2
2217,1,1,0,38,2,4,,5943,125,3
2218,1,1,0,42,2,4,,5943,135,2
2219,1,1,0,38,2,4,,5943,125,4
2220,1,1,0,43,2,4,,5943,130,2
2254,1,1,0,51,2,3,,5943,115,2
2262,1,1,0,51,2,4,,5943,135,4
2294,1,1,0,49,2,4,,5943,135,2
2295,0,0,71,39,2,4,,5943,135,2
2333,1,1,0,36,2,4,,5943,130,2
2379,1,1,0,34,2,4,,5943,115,2
2380,1,1,0,33,2,4,,5943,135,2
2415,1,1,0,43,2,3,,5943,110,3
2429,1,1,0,34,2,3,,5943,125,4
2454,1,1,0,35,2,3,,5943,115,1
2455,1,1,0,34,2,4,,5943,135,2
2464,1,1,0,39,2,4,,5943,130,2
2473,1,1,0,34,2,4,,5943,125,4
2480,1,1,0,36,2,4,,5943,125,3
2495,1,1,0,35,2,4,,5943,130,2
2497,1,1,0,42,2,4,,5943,130,3
2510,0,0,70,43,2,4,,5943,130,2
2551,1,1,0,41,2,3,,5943,110,3
2559,1,1,0,35,2,3,,5943,110,3
2592,1,1,0,40,2,3,,5943,115,3
2593,1,1,0,36,2,3,,5943,125,4
2596,1,1,0,42,2,4,,5943,135,2
2609,1,1,0,41,2,4,,5943,125,2
2684,1,1,0,43,2,4,,5943,130,2
2691,1,1,0,33,2,3,,5943,115,1
2693,1,1,0,40,2,4,,5943,115,2
2702,1,1,0,43,2,4,,5943,130,3
2723,0,0,75,36,2,4,,5943,125,2
2740,1,1,0,34,2,4,,5943,125,4
2775,1,1,0,33,2,4,,5943,125,4
2785,1,1,0,33,2,3,,5943,115,1
2828,1,1,0,41,2,3,,5943,125,4
2829,1,1,0,35,2,4,,5943,130,2
2846,1,1,0,43,2,3,,5943,115,3
2860,1,1,0,42,2,4,,5943,125,2
2863,1,1,0,41,2,6,,5943,145,4
2865,1,1,0,38,2,4,,5943,135,2
2886,1,1,0,38,2,3,,5943,115,3
2887,1,1,0,39,2,4,,5943,110,4
2889,1,1,0,37,2,4,,5943,125,4
2897,1,1,0,43,2,4,,5943,130,2
794,0,0,27,46,4,2,,5954,135,4
795,1,1,0,41,4,2,,5954,135,3
823,1,1,0,44,4,2,,5954,135,1
920,1,1,0,44,4,2,,5954,130,2
981,1,1,0,48,4,2,,5954,130,5
993,1,1,0,46,4,2,,5954,140,4
1003,1,1,0,45,4,2,,5954,125,3
1028,1,1,0,41,4,2,,5954,135,4
1085,1,1,0,42,4,2,,5954,125,3
1125,1,1,0,45,4,2,,5954,125,3
1128,1,1,0,38,4,2,,5954,130,2
1201,1,1,0,39,4,2,,5954,130,2
1213,0,0,92,47,4,2,,5954,125,3
1228,1,1,0,45,4,2,,5954,125,3
1254,1,1,0,39,4,2,,5954,135,3
1399,1,1,0,41,4,2,,5954,135,4
1548,1,1,0,45,4,2,,5954,140,4
1592,1,1,0,40,4,2,,5954,135,4
1672,1,1,0,42,4,2,,5954,135,3
1756,1,1,0,48,4,2,,5954,135,3
1757,1,1,0,46,4,2,,5954,140,2
1929,1,1,0,42,4,2,,5954,140,2
2106,1,1,0,43,4,2,,5954,125,3
2116,1,1,0,47,4,2,,5954,130,2
2129,1,1,0,39,4,2,,5954,135,1
2143,1,1,0,48,4,2,,5954,135,3
2169,1,1,0,42,4,2,,5954,135,3
15,1,1,0,38,4,2,,5955,120,4
214,0,0,51,49,4,2,,5955,125,2
293,1,1,0,52,4,2,,5955,135,4
307,1,1,0,57,4,2,,5955,130,2
310,1,1,0,51,4,2,,5955,130,2
355,1,1,0,38,4,2,,5955,130,4
420,1,1,0,41,4,2,,5955,130,2
431,0,0,61,33,4,2,,5955,150,2
447,1,1,0,44,4,2,,5955,130,4
450,1,1,0,52,4,2,,5955,135,4
482,1,1,0,49,4,2,,5955,135,2
534,1,1,0,40,4,2,,5955,130,2
543,1,1,0,41,4,2,,5955,120,4
592,1,1,0,39,4,2,,5955,135,4
707,0,1,78,46,4,2,,5955,120,4
714,1,1,0,57,4,2,,5955,125,2
763,1,1,0,55,4,2,,5955,125,2
954,1,1,0,47,4,2,,5955,135,2
960,1,1,0,43,4,2,,5955,130,2
1011,1,1,0,58,4,2,,5955,120,4
1064,1,1,0,41,4,2,,5955,125,2
1112,1,1,0,40,4,2,,5955,135,2
1362,1,1,0,39,4,2,,5955,135,3
1375,1,1,0,43,4,2,,5955,140,2
1434,1,1,0,34,4,2,,5955,150,2
1590,0,0,93,36,4,2,,5955,140,2
1614,1,1,0,34,4,2,,5955,135,3
1623,1,1,0,41,4,2,,5955,130,3
1634,1,1,0,43,4,2,,5955,130,2
1669,1,1,0,45,4,2,,5955,135,4
1780,1,1,0,42,4,2,,5955,130,3
1798,1,1,0,36,4,2,,5955,130,2
1837,1,1,0,37,4,2,,5955,130,2
1838,1,1,0,38,4,2,,5955,150,2
1839,1,1,0,43,4,2,,5955,140,2
1917,1,1,0,40,4,2,,5955,120,4
1927,1,1,0,35,4,2,,5955,130,2
1928,1,1,0,42,4,2,,5955,150,2
1943,1,1,0,42,4,2,,5955,130,3
1989,0,1,24,36,4,2,,5955,130,4
2002,1,1,0,37,4,2,,5955,135,4
2024,1,1,0,34,4,2,,5955,140,2
2042,1,1,0,37,4,2,,5955,135,4
2062,0,0,24,53,4,2,,5955,135,2
2130,1,1,0,43,4,2,,5955,130,2
2157,1,1,0,39,4,2,,5955,135,4
2206,1,1,0,37,4,2,,5955,130,5
2241,1,1,0,33,4,2,,5955,130,2
2311,1,1,0,54,4,2,,5955,135,4
2351,1,1,0,37,4,2,,5955,135,4
2365,1,1,0,39,4,2,,5955,130,4
2396,0,0,84,33,4,2,,5955,130,3
2465,1,1,0,43,4,2,,5955,150,2
2472,1,1,0,43,4,2,,5955,130,4
2479,1,1,0,37,4,2,,5955,135,3
2488,1,1,0,39,4,2,,5955,130,5
2496,1,1,0,37,4,2,,5955,135,4
2561,1,1,0,42,4,2,,5955,130,4
2562,1,1,0,41,4,2,,5955,130,3
2587,1,1,0,41,4,2,,5955,130,4
2628,1,1,0,34,4,2,,5955,140,2
2654,1,1,0,40,4,2,,5955,140,2
2678,1,1,0,33,4,2,,5955,130,2
2683,1,1,0,36,4,2,,5955,140,2
2711,1,1,0,34,4,2,,5955,130,2
2712,1,1,0,38,4,2,,5955,130,2
2738,0,0,85,39,4,2,,5955,130,3
2739,1,1,0,34,4,2,,5955,140,2
2754,1,1,0,35,4,2,,5955,130,5
2759,0,0,36,40,4,2,,5955,130,5
2768,1,1,0,39,4,2,,5955,130,2
2808,0,0,62,42,4,2,,5955,130,3
2859,1,1,0,34,4,2,,5955,130,2
2878,1,1,0,41,4,2,,5955,140,2
716,1,1,0,52,4,2,1,5956,135,4
1481,1,1,0,39,4,2,1,5956,135,4
295,1,1,0,40,1,2,,6048,115,2
1764,1,1,0,40,2,1,,6048,95,2
2044,1,1,0,41,2,1,,6048,105,4
2340,1,1,0,41,2,1,,6048,95,2
1544,1,1,0,40,3,2,,6092,120,2
1826,1,1,0,41,3,2,,6092,115,3
2178,1,1,0,33,3,2,,6092,120,4
2540,1,1,0,34,3,2,,6092,125,5
2658,1,1,0,37,3,2,,6092,125,5
2773,1,1,0,36,3,2,,6092,120,2
1369,1,1,0,37,1,2,,6123,105,3
1371,1,1,0,35,1,2,,6123,110,3
588,1,1,0,46,4,2,2,6139,130,1
1613,1,1,0,43,2,4,,6153,135,2
1631,1,1,0,39,2,4,,6153,130,3
2034,0,0,55,40,2,4,,6153,130,3
2331,1,1,0,37,2,3,,6153,110,4
2378,1,1,0,35,2,4,,6153,115,2
2381,1,1,0,35,2,4,,6153,130,2
2445,1,1,0,43,2,4,,6153,115,2
2487,1,1,0,43,2,4,,6153,130,3
2498,1,1,0,34,2,4,,6153,130,2
2524,1,1,0,36,2,4,,6153,115,2
2567,0,0,88,36,2,4,,6153,135,2
2659,1,1,0,36,2,4,,6153,115,2
2699,1,1,0,43,2,3,,6153,110,4
2795,1,1,0,40,2,4,,6153,125,2
2821,1,1,0,33,2,4,,6153,135,2
1350,0,0,17,43,4,2,,6165,130,3
1427,1,1,0,39,4,2,,6165,130,3
1593,1,1,0,36,4,2,,6165,135,3
2192,1,1,0,38,4,2,,6165,130,3
2525,1,1,0,36,4,2,,6165,135,3
2644,1,1,0,39,4,2,,6165,140,2
2839,1,1,0,43,4,2,,6165,130,3
2888,1,1,0,34,4,2,,6165,130,4
1414,1,1,0,34,6,2,,6174,180,3
1734,1,1,0,40,6,2,,6174,180,3
1774,1,1,0,36,6,2,,6174,180,3
2641,1,1,0,36,6,2,,6174,180,3
3,1,1,0,50,3,2,,6189,120,2
64,1,1,0,55,3,2,,6189,120,3
275,1,1,0,60,3,2,,6189,125,4
318,1,1,0,38,3,2,,6189,125,4
322,1,1,0,39,3,2,,6189,120,2
712,1,1,0,47,3,2,,6189,125,4
964,1,1,0,55,3,2,,6189,115,2
1142,1,1,0,55,3,2,,6189,120,3
1278,1,1,0,45,3,2,,6189,120,2
1357,1,1,0,40,3,2,,6189,115,2
2099,1,1,0,41,3,2,,6189,120,3
2119,0,0,41,40,3,2,,6189,125,4
4,1,1,0,52,2,4,,6249,130,3
8,1,1,0,45,2,4,,6249,135,4
16,1,1,0,41,2,4,,6249,135,4
36,1,1,0,49,2,4,,6249,130,4
38,1,1,0,50,2,3,,6249,125,2
50,1,1,0,60,2,4,,6249,130,2
88,1,1,0,42,2,4,,6249,130,2
90,1,1,0,45,2,4,,6249,140,3
105,1,1,0,55,2,4,,6249,130,2
123,1,1,0,54,2,4,,6249,135,4
148,1,1,0,40,2,4,,6249,135,4
162,1,1,0,40,2,3,,6249,125,4
165,1,1,0,52,2,4,,6249,125,3
170,0,0,71,51,2,4,,6249,125,3
172,1,1,0,47,2,3,,6249,125,3
185,1,1,0,49,2,3,,6249,125,3
194,1,1,0,47,2,4,,6249,130,4
220,1,1,0,55,2,4,,6249,135,2
226,0,0,80,44,2,4,,6249,130,2
242,1,1,0,42,2,4,,6249,130,4
253,1,1,0,60,2,4,,6249,125,2
258,1,1,0,47,2,3,,6249,125,3
277,1,1,0,38,2,4,,6249,130,5
285,0,0,34,52,2,4,,6249,140,3
292,0,0,59,42,2,3,,6249,125,2
326,1,1,0,45,2,4,,6249,125,4
339,1,1,0,59,2,3,,6249,125,2
380,1,1,0,40,2,4,,6249,130,4
399,1,1,0,50,2,4,,6249,130,3
402,1,1,0,56,2,4,,6249,130,2
436,1,1,0,44,2,3,,6249,125,4
439,1,1,0,57,2,4,,6249,125,3
443,1,1,0,53,2,4,,6249,125,2
483,0,1,55,50,2,4,,6249,135,3
485,1,1,0,48,2,4,,6249,130,3
503,1,1,0,43,2,4,,6249,130,4
513,1,1,0,41,2,4,,6249,130,5
541,1,1,0,55,2,4,,6249,130,2
544,1,1,0,56,2,4,,6249,140,3
546,1,1,0,57,2,3,,6249,125,3
551,1,1,0,47,2,4,,6249,130,2
613,1,1,0,49,2,4,,6249,125,2
624,1,1,0,38,2,4,,6249,130,2
632,1,1,0,52,2,4,,6249,130,4
682,1,1,0,52,2,4,,6249,135,2
698,1,1,0,42,2,4,,6249,130,4
713,1,1,0,60,2,4,,6249,125,2
730,1,1,0,38,2,4,,6249,125,3
766,1,1,0,48,2,3,,6249,125,4
880,1,1,0,44,2,4,,6249,125,4
946,1,1,0,40,2,3,,6249,125,2
1058,1,1,0,40,2,4,,6249,130,3
1170,1,1,0,56,2,4,,6249,135,2
1181,1,1,0,58,2,4,,6249,130,4
1332,1,1,0,56,2,4,,6249,125,4
1360,1,1,0,59,2,4,,6249,135,3
1361,1,1,0,55,2,4,,6249,130,2
1446,1,1,0,43,2,4,,6249,130,5
1450,1,1,0,42,2,3,,6249,125,2
1476,1,1,0,42,2,4,,6249,125,2
1495,1,1,0,45,2,4,,6249,135,3
1519,0,0,48,52,2,4,,6249,125,3
1520,1,1,0,40,2,4,,6249,135,2
1645,1,1,0,54,2,4,,6249,130,2
1664,1,1,0,40,2,4,,6249,125,2
1719,1,1,0,42,2,4,,6249,130,3
1755,1,1,0,56,2,4,,6249,140,3
1869,1,1,0,40,2,4,,6249,130,5
1873,1,1,0,39,2,4,,6249,135,2
2070,1,1,0,38,2,4,,6249,125,2
2088,1,1,0,43,2,3,,6249,125,3
2091,1,1,0,56,2,3,,6249,125,4
2095,1,1,0,52,2,4,,6249,135,3
2179,1,1,0,57,2,4,,6249,135,2
2256,1,1,0,54,2,4,,6249,125,2
2258,1,1,0,47,2,4,,6249,125,3
2265,1,1,0,49,2,4,,6249,135,4
2266,0,0,93,41,2,4,,6249,125,4
2271,1,1,0,49,2,3,,6249,125,2
2285,1,1,0,46,2,4,,6249,130,2
2312,1,1,0,51,2,4,,6249,130,5
2399,1,1,0,57,2,4,,6249,140,3
1763,1,1,0,38,2,1,,6258,95,2
6,1,1,0,58,4,2,,6261,130,4
98,0,0,33,46,4,2,,6261,140,2
103,0,0,67,49,4,2,,6261,130,4
106,1,1,0,49,4,2,,6261,130,4
132,1,1,0,53,4,2,,6261,130,3
136,1,1,0,40,4,2,,6261,130,3
181,1,1,0,40,4,2,,6261,125,2
188,1,1,0,47,4,2,,6261,140,2
193,1,1,0,49,4,2,,6261,140,2
213,1,1,0,49,4,2,,6261,140,3
227,1,1,0,58,4,2,,6261,140,3
315,0,1,36,44,4,2,,6261,135,2
335,1,1,0,57,4,2,,6261,130,4
341,1,1,0,46,4,2,,6261,125,2
352,1,1,0,45,4,2,,6261,130,3
371,1,1,0,49,4,2,,6261,135,2
375,0,0,32,44,4,2,,6261,130,3
379,1,1,0,39,4,2,,6261,130,3
387,1,1,0,56,4,2,,6261,135,4
394,0,0,32,42,4,2,,6261,130,3
455,1,1,0,54,4,2,,6261,130,4
457,1,1,0,58,4,2,,6261,140,3
484,1,1,0,60,4,2,,6261,130,1
558,1,1,0,38,4,2,,6261,140,2
561,0,0,98,55,4,2,,6261,130,1
563,1,1,0,40,4,2,,6261,130,3
576,1,1,0,42,4,2,,6261,135,2
593,1,1,0,54,4,2,,6261,140,3
599,1,1,0,52,4,2,,6261,130,3
643,1,1,0,51,4,2,,6261,130,4
650,1,1,0,59,4,2,,6261,130,3
677,1,1,0,58,4,2,,6261,125,2
691,1,1,0,45,4,2,,6261,130,4
702,1,1,0,45,4,2,,6261,125,2
726,1,1,0,59,4,2,,6261,130,1
760,1,1,0,47,4,2,,6261,140,2
773,1,1,0,50,4,2,,6261,140,2
788,1,1,0,38,4,2,,6261,140,2
830,1,1,0,55,4,2,,6261,135,2
856,1,1,0,57,4,2,,6261,130,3
888,1,1,0,42,4,2,,6261,135,4
908,1,1,0,57,4,2,,6261,140,2
1021,0,0,61,54,4,2,,6261,130,4
1046,1,1,0,48,4,2,,6261,135,2
1059,1,1,0,58,4,2,,6261,130,3
1060,1,1,0,49,4,2,,6261,130,4
1076,0,1,32,43,4,2,,6261,135,4
1158,1,1,0,40,4,2,,6261,135,4
1166,0,0,38,54,4,2,,6261,135,2
1460,0,0,90,57,4,2,,6261,130,4
1469,1,1,0,41,4,2,,6261,130,4
1480,1,1,0,52,4,2,,6261,130,3
1483,1,1,0,47,4,2,,6261,135,2
1521,1,1,0,58,4,2,,6261,135,2
1653,1,1,0,48,4,2,,6261,130,3
1874,1,1,0,46,4,2,,6261,130,1
1959,1,1,0,39,4,2,,6261,130,4
2085,1,1,0,46,4,2,,6261,140,3
52,1,1,0,50,3,2,,6300,120,2
159,1,1,0,55,3,2,,6300,120,2
758,1,1,0,59,3,2,,6300,115,2
1641,1,1,0,42,3,2,,6300,115,2
767,0,0,20,40,3,2,,6303,105,2
1588,1,1,0,41,3,2,,6304,125,5
2453,1,1,0,38,3,2,,6304,120,2
2506,1,1,0,35,3,2,,6304,115,2
2686,1,1,0,33,1,2,,6333,105,3
651,1,1,0,40,2,4,6,6337,130,2
1452,1,1,0,51,2,4,6,6337,130,2
60,1,1,0,41,2,3,,6360,125,2
62,1,1,0,41,2,3,,6360,125,4
79,0,0,78,60,2,4,,6360,125,2
154,1,1,0,47,2,4,,6360,130,4
249,1,1,0,45,2,4,,6360,135,2
265,1,1,0,51,2,3,,6360,125,2
351,1,1,0,53,2,4,,6360,135,2
1080,1,1,0,52,2,3,,6360,125,2
1880,1,1,0,54,2,3,,6360,125,2
614,1,1,0,40,2,4,,6363,135,2
1456,1,1,0,46,2,3,,6363,115,2
137,1,1,0,59,4,2,,6372,130,4
141,1,1,0,55,4,2,,6372,135,4
198,1,1,0,59,4,2,,6375,130,4
374,1,1,0,58,4,2,,6375,130,4
976,1,1,0,50,4,2,,6375,130,4
2590,1,1,0,43,2,1,,6468,95,2
269,1,1,0,53,2,4,3,6540,135,2
290,1,1,0,90,2,4,3,6540,145,4
327,1,1,0,88,2,4,3,6540,145,4
398,1,1,0,81,2,4,3,6540,145,4
404,1,1,0,43,2,4,3,6540,145,4
456,1,1,0,57,2,4,3,6540,135,2
557,1,1,0,53,2,4,3,6540,135,2
721,1,1,0,65,2,4,3,6540,145,4
942,1,1,0,40,2,4,3,6540,135,2
969,0,0,88,86,2,4,3,6540,135,2
1502,1,1,0,78,2,4,3,6540,135,2
1644,1,1,0,82,2,4,3,6540,130,4
1699,1,1,0,78,2,4,3,6540,130,4
1916,1,1,0,38,2,4,3,6540,135,2
2274,1,1,0,81,2,4,3,6540,130,4
2297,1,1,0,74,2,4,3,6540,130,4
2397,1,1,0,77,2,4,3,6540,130,4
236,0,0,42,65,4,2,3,6543,130,4
426,1,1,0,65,4,2,3,6543,140,4
490,1,1,0,86,4,2,3,6543,140,4
492,0,0,89,87,4,2,3,6543,130,4
571,1,1,0,90,4,2,3,6543,140,2
579,1,1,0,52,4,2,3,6543,135,2
594,1,1,0,42,4,2,4,6543,140,4
595,1,1,0,80,4,2,4,6543,130,4
706,1,1,0,53,4,2,4,6543,130,4
734,1,1,0,80,4,2,4,6543,140,2
1084,1,1,0,61,4,2,4,6543,130,4
1665,1,1,0,41,4,2,4,6543,135,2
2260,1,1,0,68,4,2,4,6543,140,4
2769,1,1,0,35,1,2,,6543,110,3
78,1,1,0,54,2,4,,6693,125,4
634,1,1,0,46,2,4,,6693,125,2
1227,1,1,0,57,2,4,,6693,130,4
1913,1,1,0,58,2,3,,6693,125,3
2224,1,1,0,36,2,1,,6783,105,4
2501,1,1,0,37,2,1,,6783,105,3
2548,1,1,0,39,2,1,,6783,95,2
2606,1,1,0,34,6,2,,6804,180,3
2802,1,1,0,33,6,2,,6804,170,3
1609,1,1,0,37,3,2,,6827,115,3
2060,1,1,0,37,3,2,,6827,120,2
2736,1,1,0,39,3,2,,6827,115,3
2746,1,1,0,37,3,2,,6827,115,3
2803,1,1,0,39,3,2,,6827,115,2
2856,1,1,0,34,3,2,,6827,115,2
1388,1,1,0,41,1,2,,6858,105,3
1966,1,1,0,35,1,2,,6858,120,4
2900,1,1,0,43,1,2,,6858,110,2
1611,1,1,0,40,2,3,,6888,110,3
1638,1,1,0,40,2,3,,6888,120,2
1940,1,1,0,38,2,3,,6888,120,2
2393,1,1,0,42,2,3,,6888,120,2
96,1,1,0,46,3,2,,6965,125,4
301,1,1,0,55,3,2,,6965,115,2
476,1,1,0,49,3,2,,6965,120,3
536,1,1,0,40,3,2,,6965,125,4
607,1,1,0,51,3,2,,6965,115,2
608,1,1,0,56,3,2,,6965,120,3
1671,1,1,0,57,3,2,,6965,125,4
2284,1,1,0,58,2,4,4,6967,130,2
29,1,1,0,48,2,3,,7025,125,2
725,1,1,0,42,2,3,,7025,125,2
2414,1,1,0,50,2,3,,7025,125,2
1604,1,1,0,36,3,2,,7142,120,4
1976,1,1,0,36,3,2,,7142,120,4
2240,1,1,0,41,3,2,,7142,115,2
2348,1,1,0,37,3,2,,7142,115,3
2443,1,1,0,39,3,2,,7142,120,4
2531,1,1,0,33,3,2,,7142,125,5
2668,1,1,0,39,3,2,,7142,115,2
1975,1,1,0,52,2,3,,7203,115,2
906,1,1,0,39,2,6,,7205,150,1
1019,1,1,0,43,2,6,,7205,150,3
1157,1,1,0,39,2,6,,7275,155,4
1222,1,1,0,42,2,6,,7275,150,3
1236,1,1,0,47,2,6,,7275,150,1
1911,1,1,0,39,2,6,,7275,150,3
838,1,1,0,47,2,6,,7344,150,3
989,1,1,0,47,2,6,,7344,155,4
1336,1,1,0,48,2,6,,7344,150,3
1410,1,1,0,45,2,6,,7344,150,1
1501,1,1,0,44,2,6,,7344,155,4
1586,1,1,0,38,2,6,,7344,150,3
1712,1,1,0,42,2,6,,7344,150,1
2409,1,1,0,45,2,6,,7344,150,3
282,1,1,0,55,2,6,4,7412,160,2
785,1,1,0,47,2,6,,7412,150,3
845,1,1,0,38,2,6,,7412,150,3
924,1,1,0,40,2,6,,7412,150,1
1026,1,1,0,56,2,6,4,7412,165,4
1033,1,1,0,42,2,6,,7412,155,4
1103,1,1,0,85,2,6,4,7412,160,2
1107,1,1,0,42,2,6,,7412,150,3
1209,0,0,53,65,2,6,4,7412,160,2
1272,1,1,0,63,2,6,4,7412,170,2
1314,1,1,0,42,2,6,,7412,150,3
1411,1,1,0,45,2,6,,7412,150,3
1923,1,1,0,46,2,6,,7412,150,3
1971,1,1,0,39,2,6,,7412,155,4
1998,1,1,0,41,2,6,,7412,150,1
2112,1,1,0,45,2,6,,7412,155,4
2328,1,1,0,55,2,6,4,7412,165,4
2360,1,1,0,48,2,6,,7412,150,1
10,0,1,69,38,2,6,,7413,160,2
94,1,1,0,56,2,6,,7413,160,2
479,1,1,0,43,2,6,,7413,165,4
1271,1,1,0,42,2,6,,7413,165,4
1391,1,1,0,43,2,6,,7413,160,3
1433,1,1,0,40,2,6,,7413,140,3
1619,1,1,0,39,2,6,,7413,155,2
1620,1,1,0,33,2,6,,7413,150,5
1680,1,1,0,59,2,6,,7413,160,2
1732,1,1,0,42,2,6,,7413,160,3
1733,1,1,0,33,2,6,,7413,150,5
1823,1,1,0,35,2,6,,7413,155,2
1844,1,1,0,43,2,6,,7413,160,2
1985,1,1,0,33,2,6,,7413,140,3
1999,1,1,0,39,2,6,,7413,145,4
2038,1,1,0,41,2,6,,7413,150,5
2197,1,1,0,39,2,6,,7413,145,4
2198,1,1,0,36,2,6,,7413,155,2
2376,1,1,0,39,2,6,,7413,150,5
2545,1,1,0,42,2,6,,7413,150,5
2557,1,1,0,40,2,6,,7413,160,3
2570,1,1,0,34,2,6,,7413,155,2
2582,1,1,0,39,2,6,,7413,145,4
2604,1,1,0,41,2,6,,7413,140,3
2618,1,1,0,37,2,6,,7413,155,2
2651,1,1,0,33,2,6,,7413,145,4
2662,1,1,0,33,2,6,,7413,150,5
2706,1,1,0,34,2,6,,7413,160,2
2722,1,1,0,43,2,6,,7413,160,2
2732,1,1,0,40,2,6,,7413,150,5
2782,1,1,0,39,2,6,,7413,155,2
2895,0,0,21,33,2,6,,7413,155,2
1639,1,1,0,37,3,2,,7457,115,3
2583,1,1,0,43,3,2,,7457,115,3
2594,1,1,0,42,3,2,,7457,120,2
2735,1,1,0,40,3,2,,7457,120,2
2804,1,1,0,33,3,2,,7457,115,3
1610,1,1,0,39,2,3,,7518,110,4
2142,1,1,0,42,2,3,,7518,120,2
2202,1,1,0,39,2,3,,7518,110,4
2213,1,1,0,36,2,3,,7518,120,2
2223,1,1,0,37,2,1,,7518,95,2
2552,1,1,0,39,2,3,,7518,120,2
2648,1,1,0,40,2,1,,7518,105,3
2708,1,1,0,37,2,3,,7518,115,3
2819,1,1,0,37,2,3,,7518,125,4
2907,1,1,0,37,2,3,,7518,120,2
963,1,1,0,58,2,3,,7623,115,2
791,1,1,0,43,6,2,,7750,170,3
1235,1,1,0,39,6,2,,7750,170,3
2291,1,1,0,39,6,2,,7750,170,1
1573,1,1,0,40,3,2,,7772,115,2
1809,1,1,0,33,3,2,,7772,115,3
2758,1,1,0,36,3,2,,7772,120,4
2786,1,1,0,36,3,2,,7772,120,4
449,1,1,0,39,2,6,,7802,155,3
1037,1,1,0,56,2,6,,7802,170,3
1558,1,1,0,40,2,3,,7833,120,2
1601,1,1,0,38,2,6,,7833,160,2
1793,1,1,0,35,2,6,,7833,160,2
1831,1,1,0,37,2,6,,7833,160,2
1956,1,1,0,41,2,3,,7833,115,3
2022,1,1,0,35,2,3,,7833,120,2
2292,1,1,0,41,2,6,,7833,165,4
2653,1,1,0,36,2,3,,7833,110,3
2690,1,1,0,34,2,3,,7833,120,2
939,1,1,0,46,6,2,,7888,170,3
1695,1,1,0,47,6,2,,7888,170,3
1703,1,1,0,41,6,2,,7888,170,1
2637,1,1,0,36,2,1,,7938,95,2
95,1,1,0,50,6,2,4,7958,170,4
606,1,1,0,40,6,2,4,7958,165,2
717,1,1,0,60,6,2,4,7958,170,4
870,1,1,0,73,6,2,4,7958,165,2
1000,1,1,0,45,6,2,,7958,170,3
1038,1,1,0,44,6,2,,7958,170,3
1117,1,1,0,47,6,2,,7958,170,3
1205,1,1,0,42,6,2,,7958,170,1
1253,1,1,0,43,6,2,,7958,170,3
1792,1,1,0,41,6,2,,7958,170,1
1910,1,1,0,43,6,2,,7958,170,3
974,1,1,0,55,6,2,,7959,170,3
1356,1,1,0,36,6,2,,7959,175,2
1392,1,1,0,33,6,2,,7959,185,4
1393,1,1,0,37,6,2,,7959,180,2
1444,1,1,0,35,6,2,,7959,170,2
1629,1,1,0,39,6,2,,7959,175,1
1731,1,1,0,41,6,2,,7959,170,3
1794,1,1,0,39,6,2,,7959,180,4
1824,1,1,0,36,6,2,,7959,190,1
1845,1,1,0,34,6,2,,7959,170,1
1863,1,1,0,37,6,2,,7959,170,3
1864,1,1,0,41,6,2,,7959,185,4
1970,1,1,0,39,6,2,,7959,190,1
2141,1,1,0,39,6,2,,7959,185,4
2231,1,1,0,41,6,2,,7959,190,1
2246,1,1,0,38,6,2,,7959,180,3
2344,1,1,0,35,6,2,,7959,190,1
2470,1,1,0,40,6,2,,7959,180,2
2514,1,1,0,37,6,2,,7959,190,2
2522,1,1,0,43,6,2,,7959,190,2
2530,1,1,0,33,6,2,,7959,185,4
2571,1,1,0,41,6,2,,7959,180,2
2572,1,1,0,40,6,2,,7959,175,2
2605,1,1,0,33,6,2,,7959,170,2
2661,1,1,0,43,6,2,,7959,175,2
2812,1,1,0,35,6,2,,7959,170,2
2904,1,1,0,36,6,2,,7959,180,4
2613,1,1,0,41,1,2,,8013,110,4
1545,1,1,0,39,3,2,,8192,115,3
2031,1,1,0,42,3,2,,8192,120,2
2737,1,1,0,37,3,2,,8192,115,2
2168,1,1,0,51,2,4,,8245,125,2
390,1,1,0,46,2,6,,8253,165,4
718,1,1,0,50,2,6,,8253,165,4
741,1,1,0,47,2,6,,8253,160,2
2452,1,1,0,39,2,3,,8253,120,2
2602,0,0,81,33,2,3,,8253,120,2
224,1,1,0,59,6,2,,8348,165,3
268,1,1,0,41,6,2,,8348,175,4
280,1,1,0,60,6,2,,8348,165,3
442,1,1,0,38,6,2,,8348,165,3
959,1,1,0,54,6,2,,8348,175,4
1135,1,1,0,45,6,2,,8348,175,4
1500,1,1,0,50,6,2,,8348,175,4
1649,1,1,0,49,6,2,,8348,175,4
1344,1,1,0,33,6,2,,8379,180,3
1656,1,1,0,43,6,2,,8379,170,3
2650,1,1,0,34,6,2,,8379,180,3
2682,1,1,0,33,6,2,,8379,180,3
2698,1,1,0,34,6,2,,8379,180,2
2835,1,1,0,39,6,2,,8379,170,3
2069,1,1,0,44,6,2,,8459,165,3
1852,1,1,0,33,2,1,,8463,105,3
2870,1,1,0,35,2,1,,8463,105,4
940,1,1,0,48,6,2,,8489,170,3
1368,1,1,0,42,1,2,,8538,110,3
2629,1,1,0,33,1,2,,8538,110,2
1602,1,1,0,47,6,2,,8563,170,3
2652,1,1,0,33,3,2,,8612,115,3
48,0,0,58,39,2,6,,8689,155,3
116,1,1,0,50,2,6,,8689,160,2
658,1,1,0,55,2,6,,8689,155,3
972,1,1,0,53,2,6,,8689,170,3
1097,1,1,0,56,2,6,,8689,155,3
1308,1,1,0,45,2,6,,8689,160,2
2077,1,1,0,40,2,6,,8778,160,2
161,1,1,0,57,6,2,,8799,165,2
200,0,0,43,50,6,2,,8799,165,2
2166,1,1,0,34,6,2,,8799,180,3
1439,1,1,0,36,2,3,,9093,125,4
2035,1,1,0,34,2,1,,9093,105,4
2201,1,1,0,35,2,3,,9093,120,2
2416,1,1,0,41,2,3,,9093,115,3
2899,0,0,25,43,2,1,,9093,105,3
1387,1,1,0,42,1,2,,9168,110,2
2842,0,0,25,39,1,2,,9168,110,2
1412,1,1,0,36,6,2,,9219,180,3
2485,1,1,0,40,6,2,,9219,180,4
338,1,1,0,38,6,2,,9235,155,2
403,1,1,0,49,6,2,,9235,155,2
596,1,1,0,55,6,2,,9235,175,4
621,1,1,0,38,6,2,,9235,155,2
1098,1,1,0,46,6,2,,9235,165,3
201,1,1,0,48,2,6,,9243,170,3
627,1,1,0,38,2,6,,9243,160,2
667,1,1,0,59,2,6,,9243,160,2
816,1,1,0,43,2,6,,9243,160,2
1167,1,1,0,49,2,6,,9243,170,3
1286,1,1,0,52,2,6,,9243,170,3
1885,1,1,0,41,2,6,,9243,155,3
2270,1,1,0,52,2,6,,9243,170,3
1140,1,1,0,47,6,2,,9324,170,3
1373,1,1,0,46,6,2,,9324,165,2
1068,0,0,15,58,2,6,,9618,165,4
1468,1,1,0,42,2,6,,9618,160,2
2733,1,1,0,33,6,2,,9639,180,3
288,1,1,0,41,6,2,,9789,155,2
498,1,1,0,56,6,2,,9789,165,3
587,1,1,0,56,6,2,,9789,165,3
878,1,1,0,56,6,2,,9789,155,2
1903,1,1,0,60,6,2,,9789,155,2
2310,0,0,54,52,6,2,,9789,165,3
70,1,1,0,52,2,6,,9798,170,3
1288,0,1,73,60,2,6,,9798,160,2
2032,1,1,0,42,3,2,,9872,115,3
22,1,1,0,40,6,2,,10164,170,3
666,1,1,0,53,6,2,,10164,165,2
1517,1,1,0,47,6,2,,10164,170,3
304,1,1,0,39,3,2,,10188,130,3
1881,1,1,0,44,2,3,,10248,115,2
2584,1,1,0,42,3,2,,10292,115,3
2657,1,1,0,35,2,3,,10353,120,2
2502,1,1,0,40,1,2,,10743,110,3
2543,1,1,0,41,1,2,,10743,110,2
1924,1,1,0,59,6,2,,11004,165,2
264,1,1,0,47,2,3,,11298,115,2
118,1,1,0,60,6,2,,12054,165,2
784,1,1,0,41,6,2,,12054,170,3
126,1,1,0,52,6,2,,13104,170,3
1293,1,1,0,45,3,2,,14073,130,3
2200,1,1,0,34,3,2,,14282,115,3